Timestamp,VelX,VelY,VelZ,VelRMS,AngleX,AngleY,AngleZ,Temp,DispX,DispY,DispZ,DispRMS,FreqX,FreqY,FreqZ,Battery
18:09:47,8,5,6,11.2,0.1,0.14,0.05,18.4,253,152,180,346.0,0,0,1,100
18:09:47,8,5,6,11.2,0.1,0.14,0.05,18.4,253,152,180,346.0,0,0,0,100
18:09:47,8,5,6,11.2,0.1,0.14,0.05,18.6,253,152,180,346.0,0,0,0,100
18:09:47,8,5,6,11.2,0.1,0.14,0.05,18.5,253,152,180,346.0,0,0,0,100
18:09:47,8,5,6,11.2,0.1,0.14,0.05,18.3,253,152,180,346.0,0,0,0,100
18:09:48,5,4,7,9.5,0.07,0.13,0.09,18.4,157,139,227,309.0,0,0,0,100
18:09:48,5,4,7,9.5,0.07,0.13,0.09,18.3,157,139,227,309.0,0,0,0,100
18:09:48,5,4,7,9.5,0.07,0.13,0.09,18.6,157,139,227,309.0,0,0,0,100
18:09:48,5,4,7,9.5,0.07,0.13,0.09,18.4,157,139,227,309.0,0,0,0,100
18:09:48,5,4,7,9.5,0.07,0.13,0.09,18.5,157,139,227,309.0,0,0,0,100
18:09:48,5,4,7,9.5,0.07,0.13,0.09,18.4,157,139,227,309.0,0,0,0,100
18:09:48,5,4,7,9.5,0.07,0.13,0.09,18.4,157,139,227,309.0,1,0,0,100
18:09:48,5,4,7,9.5,0.07,0.13,0.09,18.4,157,139,227,309.0,1,0,0,100
18:09:48,5,4,7,9.5,0.07,0.13,0.09,18.4,157,139,227,309.0,1,0,0,100
18:09:48,5,4,7,9.5,0.07,0.13,0.09,18.4,157,139,227,309.0,1,0,0,100
18:09:49,6,4,9,11.5,0.03,0.15,0.09,18.4,180,107,190,283.0,1,0,0,100
18:09:49,6,4,9,11.5,0.03,0.15,0.09,18.5,180,107,190,283.0,1,0,0,100
18:09:49,6,4,9,11.5,0.03,0.15,0.09,18.5,180,107,190,283.0,1,0,0,100
18:09:49,6,4,9,11.5,0.03,0.15,0.09,18.2,180,107,190,283.0,1,0,0,100
18:09:49,6,4,9,11.5,0.03,0.15,0.09,18.4,180,107,190,283.0,1,0,0,100
18:09:49,6,4,9,11.5,0.03,0.15,0.09,18.2,180,107,190,283.0,1,0,0,100
18:09:49,6,4,9,11.5,0.03,0.15,0.09,18.5,180,107,190,283.0,0,0,0,100
18:09:49,6,4,9,11.5,0.03,0.15,0.09,18.4,180,107,190,283.0,0,0,0,100
18:09:49,6,4,9,11.5,0.03,0.15,0.09,18.2,180,107,190,283.0,0,0,0,100
18:09:49,6,4,9,11.5,0.03,0.15,0.09,18.2,180,107,190,283.0,0,0,0,100
18:09:50,6,3,6,9.0,0.12,0.2,0.06,18.4,161,58,174,244.0,0,0,0,100
18:09:50,6,3,6,9.0,0.12,0.2,0.06,18.5,161,58,174,244.0,0,0,0,100
18:09:50,6,3,6,9.0,0.12,0.2,0.06,18.4,161,58,174,244.0,0,0,0,100
18:09:50,6,3,6,9.0,0.12,0.2,0.06,18.4,161,58,174,244.0,0,0,0,100
18:09:50,6,3,6,9.0,0.12,0.2,0.06,18.4,161,58,174,244.0,0,0,0,100
18:09:50,6,3,6,9.0,0.12,0.2,0.06,18.4,161,58,174,244.0,0,0,0,100
18:09:50,6,3,6,9.0,0.12,0.2,0.06,18.4,161,58,174,244.0,0,2,0,100
18:09:50,6,3,6,9.0,0.12,0.2,0.06,18.4,161,58,174,244.0,0,2,0,100
18:09:50,6,3,6,9.0,0.12,0.2,0.06,18.4,161,58,174,244.0,0,2,0,100
18:09:51,6,3,6,9.0,0.12,0.2,0.06,18.5,161,58,174,244.0,0,2,0,100
18:09:51,6,3,6,9.0,0.1,0.26,0.04,18.3,157,53,162,232.0,0,2,0,100
18:09:51,6,3,6,9.0,0.1,0.26,0.04,18.4,157,53,162,232.0,0,2,0,100
18:09:51,6,3,6,9.0,0.1,0.26,0.04,18.4,157,53,162,232.0,0,2,0,100
18:09:51,6,3,6,9.0,0.1,0.26,0.04,18.5,157,53,162,232.0,0,2,0,100
18:09:51,6,3,6,9.0,0.1,0.26,0.04,18.7,157,53,162,232.0,0,2,0,100
18:09:51,6,3,6,9.0,0.1,0.26,0.04,18.2,157,53,162,232.0,0,2,0,100
18:09:51,6,3,6,9.0,0.1,0.26,0.04,18.4,157,53,162,232.0,0,0,2,100
18:09:51,6,3,6,9.0,0.1,0.26,0.04,18.4,157,53,162,232.0,0,0,2,100
18:09:51,6,3,6,9.0,0.1,0.26,0.04,18.3,157,53,162,232.0,0,0,2,100
18:09:52,6,3,6,9.0,0.1,0.26,0.04,18.4,157,53,162,232.0,0,0,2,100
18:09:52,7,4,5,9.5,0.05,0.15,0.13,18.4,187,126,152,272.0,0,0,2,100
18:09:52,7,4,5,9.5,0.05,0.15,0.13,18.4,187,126,152,272.0,0,0,2,100
18:09:52,7,4,5,9.5,0.05,0.15,0.13,18.3,187,126,152,272.0,0,0,2,100
18:09:52,7,4,5,9.5,0.05,0.15,0.13,18.5,187,126,152,272.0,0,0,2,100
18:09:52,7,4,5,9.5,0.05,0.15,0.13,18.4,187,126,152,272.0,0,0,2,100
18:09:52,7,4,5,9.5,0.05,0.15,0.13,18.3,187,126,152,272.0,0,0,2,100
18:09:52,7,4,5,9.5,0.05,0.15,0.13,18.5,187,126,152,272.0,0,0,0,100
18:09:52,7,4,5,9.5,0.05,0.15,0.13,18.7,187,126,152,272.0,0,0,0,100
18:09:52,7,4,5,9.5,0.05,0.15,0.13,18.3,187,126,152,272.0,0,0,0,100
18:09:53,7,4,5,9.5,0.05,0.15,0.13,18.5,187,126,152,272.0,0,0,0,100
18:09:53,5,7,9,12.4,0.05,0.33,0.13,18.2,150,163,244,330.0,0,0,0,100
18:09:53,5,7,9,12.4,0.05,0.33,0.13,18.4,150,163,244,330.0,0,0,0,100
18:09:53,5,7,9,12.4,0.05,0.33,0.13,18.4,150,163,244,330.0,0,0,0,100
18:09:53,5,7,9,12.4,0.05,0.33,0.13,18.5,150,163,244,330.0,0,0,0,100
18:09:53,5,7,9,12.4,0.05,0.33,0.13,18.2,150,163,244,330.0,0,0,0,100
18:09:53,5,7,9,12.4,0.05,0.33,0.13,18.5,150,163,244,330.0,0,0,0,100
18:09:53,5,7,9,12.4,0.05,0.33,0.13,18.5,150,163,244,330.0,3,0,0,100
18:09:53,5,7,9,12.4,0.05,0.33,0.13,18.4,150,163,244,330.0,3,0,0,100
18:09:53,5,7,9,12.4,0.05,0.33,0.13,18.2,150,163,244,330.0,3,0,0,100
18:09:54,5,7,9,12.4,0.05,0.33,0.13,18.4,150,163,244,330.0,3,0,0,100
18:09:54,9,7,8,13.9,0.09,0.24,0.07,18.5,256,164,221,376.0,3,0,0,100
18:09:54,9,7,8,13.9,0.09,0.24,0.07,18.4,256,164,221,376.0,3,0,0,100
18:09:54,9,7,8,13.9,0.09,0.24,0.07,18.2,256,164,221,376.0,3,0,0,100
18:09:54,9,7,8,13.9,0.09,0.24,0.07,18.4,256,164,221,376.0,3,0,0,100
18:09:54,9,7,8,13.9,0.09,0.24,0.07,18.4,256,164,221,376.0,3,0,0,100
18:09:54,9,7,8,13.9,0.09,0.24,0.07,18.3,256,164,221,376.0,3,0,0,100
18:09:54,9,7,8,13.9,0.09,0.24,0.07,18.3,256,164,221,376.0,0,0,1,100
18:09:54,9,7,8,13.9,0.09,0.24,0.07,18.1,256,164,221,376.0,0,0,1,100
18:09:54,9,7,8,13.9,0.09,0.24,0.07,18.2,256,164,221,376.0,0,0,1,100
18:09:55,9,7,8,13.9,0.09,0.24,0.07,18.4,256,164,221,376.0,0,0,1,100
18:09:55,10,5,8,13.7,0.12,0.2,0.04,18.4,277,159,176,365.0,0,0,1,100
18:09:55,10,5,8,13.7,0.12,0.2,0.04,18.4,277,159,176,365.0,0,0,1,100
18:09:55,10,5,8,13.7,0.12,0.2,0.04,18.4,277,159,176,365.0,0,0,1,100
18:09:55,10,5,8,13.7,0.12,0.2,0.04,18.3,277,159,176,365.0,0,0,1,100
18:09:55,10,5,8,13.7,0.12,0.2,0.04,18.4,277,159,176,365.0,0,0,1,100
18:09:55,10,5,8,13.7,0.12,0.2,0.04,18.4,277,159,176,365.0,0,0,1,100
18:09:55,10,5,8,13.7,0.12,0.2,0.04,18.7,277,159,176,365.0,0,0,0,100
18:09:55,10,5,8,13.7,0.12,0.2,0.04,18.2,277,159,176,365.0,0,0,0,100
18:09:55,10,5,8,13.7,0.12,0.2,0.04,18.4,277,159,176,365.0,0,0,0,100
18:09:56,10,5,8,13.7,0.12,0.2,0.04,18.4,277,159,176,365.0,0,0,0,100
18:09:56,7,5,11,14.0,0.09,0.22,0.09,18.4,159,121,208,288.0,0,0,0,100
18:09:56,7,5,11,14.0,0.09,0.22,0.09,18.3,159,121,208,288.0,0,0,0,100
18:09:56,7,5,11,14.0,0.09,0.22,0.09,18.4,159,121,208,288.0,0,0,0,100
18:09:56,7,5,11,14.0,0.09,0.22,0.09,18.6,159,121,208,288.0,0,0,0,100
18:09:56,7,5,11,14.0,0.09,0.22,0.09,18.2,159,121,208,288.0,0,0,0,100
18:09:56,7,5,11,14.0,0.09,0.22,0.09,18.3,159,121,208,288.0,0,0,0,100
18:09:56,7,5,11,14.0,0.09,0.22,0.09,18.4,159,121,208,288.0,1,0,0,100
18:09:56,7,5,11,14.0,0.09,0.22,0.09,18.5,159,121,208,288.0,1,0,0,100
18:09:56,7,5,11,14.0,0.09,0.22,0.09,18.4,159,121,208,288.0,1,0,0,100
18:09:57,7,5,11,14.0,0.09,0.22,0.09,18.4,159,121,208,288.0,1,0,0,100
18:09:57,5,3,6,8.4,0.03,0.23,0.05,18.5,147,81,171,240.0,1,0,0,100
18:09:57,5,3,6,8.4,0.03,0.23,0.05,18.2,147,81,171,240.0,1,0,0,100
18:09:57,5,3,6,8.4,0.03,0.23,0.05,18.2,147,81,171,240.0,1,0,0,100
18:09:57,5,3,6,8.4,0.03,0.23,0.05,18.4,147,81,171,240.0,1,0,0,100
18:09:57,5,3,6,8.4,0.03,0.23,0.05,18.4,147,81,171,240.0,1,0,0,100
18:09:57,5,3,6,8.4,0.03,0.23,0.05,18.3,147,81,171,240.0,1,0,0,100
18:09:57,5,3,6,8.4,0.03,0.23,0.05,18.4,147,81,171,240.0,0,1,2,100
18:09:57,5,3,6,8.4,0.03,0.23,0.05,18.5,147,81,171,240.0,0,1,2,100
18:09:57,5,3,6,8.4,0.03,0.23,0.05,18.3,147,81,171,240.0,0,1,2,100
18:09:58,5,3,6,8.4,0.03,0.23,0.05,18.2,147,81,171,240.0,0,1,2,100
18:09:58,4,1,5,6.5,0.05,0.17,0.05,18.4,124,33,144,193.0,0,1,2,100
18:09:58,4,1,5,6.5,0.05,0.17,0.05,18.2,124,33,144,193.0,0,1,2,100
18:09:58,4,1,5,6.5,0.05,0.17,0.05,18.1,124,33,144,193.0,0,1,2,100
18:09:58,4,1,5,6.5,0.05,0.17,0.05,18.2,124,33,144,193.0,0,1,2,100
18:09:58,4,1,5,6.5,0.05,0.17,0.05,18.3,124,33,144,193.0,0,1,2,100
18:09:58,4,1,5,6.5,0.05,0.17,0.05,18.5,124,33,144,193.0,0,1,2,100
18:09:58,4,1,5,6.5,0.05,0.17,0.05,18.3,124,33,144,193.0,1,0,0,100
18:09:58,4,1,5,6.5,0.05,0.17,0.05,18.4,124,33,144,193.0,1,0,0,100
18:09:58,4,1,5,6.5,0.05,0.17,0.05,18.4,124,33,144,193.0,1,0,0,100
18:09:59,4,1,5,6.5,0.05,0.17,0.05,18.4,124,33,144,193.0,1,0,0,100
18:09:59,7,3,5,9.1,0.08,0.16,0.03,18.4,195,84,152,261.0,1,0,0,100
18:09:59,7,3,5,9.1,0.08,0.16,0.03,18.4,195,84,152,261.0,1,0,0,100
18:09:59,7,3,5,9.1,0.08,0.16,0.03,18.4,195,84,152,261.0,1,0,0,100
18:09:59,7,3,5,9.1,0.08,0.16,0.03,18.4,195,84,152,261.0,1,0,0,100
18:09:59,7,3,5,9.1,0.08,0.16,0.03,18.3,195,84,152,261.0,1,0,0,100
18:09:59,7,3,5,9.1,0.08,0.16,0.03,18.4,195,84,152,261.0,1,0,0,100
18:09:59,7,3,5,9.1,0.08,0.16,0.03,18.4,195,84,152,261.0,0,0,0,100
18:09:59,7,3,5,9.1,0.08,0.16,0.03,18.4,195,84,152,261.0,0,0,0,100
18:09:59,7,3,5,9.1,0.08,0.16,0.03,18.4,195,84,152,261.0,0,0,0,100
18:10:00,7,3,5,9.1,0.08,0.16,0.03,18.4,195,84,152,261.0,0,0,0,100
18:10:00,9,5,8,13.0,0.06,0.21,0.11,18.4,228,134,204,334.0,0,0,0,100
18:10:00,9,5,8,13.0,0.06,0.21,0.11,18.4,228,134,204,334.0,0,0,0,100
18:10:00,9,5,8,13.0,0.06,0.21,0.11,18.3,228,134,204,334.0,0,0,0,100
18:10:00,9,5,8,13.0,0.06,0.21,0.11,18.3,228,134,204,334.0,0,0,0,100
18:10:00,9,5,8,13.0,0.06,0.21,0.11,18.4,228,134,204,334.0,0,0,0,100
18:10:00,9,5,8,13.0,0.06,0.21,0.11,18.3,228,134,204,334.0,0,0,0,100
18:10:00,9,5,8,13.0,0.06,0.21,0.11,18.2,228,134,204,334.0,1,0,0,100
18:10:00,9,5,8,13.0,0.06,0.21,0.11,18.6,228,134,204,334.0,1,0,0,100
18:10:01,9,5,8,13.0,0.06,0.21,0.11,18.3,228,134,204,334.0,1,0,0,100
18:10:01,9,5,8,13.0,0.06,0.21,0.11,18.5,228,134,204,334.0,1,0,0,100
18:10:01,5,5,9,11.4,0.04,0.15,0.08,18.6,140,151,246,321.0,1,0,0,100
18:10:01,5,5,9,11.4,0.04,0.15,0.08,18.2,140,151,246,321.0,1,0,0,100
18:10:01,5,5,9,11.4,0.04,0.15,0.08,18.5,140,151,246,321.0,1,0,0,100
18:10:01,5,5,9,11.4,0.04,0.15,0.08,18.4,140,151,246,321.0,1,0,0,100
18:10:01,5,5,9,11.4,0.04,0.15,0.08,18.5,140,151,246,321.0,1,0,0,100
18:10:01,5,5,9,11.4,0.04,0.15,0.08,18.6,140,151,246,321.0,1,0,0,100
18:10:01,5,5,9,11.4,0.04,0.15,0.08,18.3,140,151,246,321.0,0,0,0,100
18:10:01,5,5,9,11.4,0.04,0.15,0.08,18.2,140,151,246,321.0,0,0,0,100
18:10:01,5,5,9,11.4,0.04,0.15,0.08,18.4,140,151,246,321.0,0,0,0,100
18:10:02,5,5,9,11.4,0.04,0.15,0.08,18.5,140,151,246,321.0,0,0,0,100
18:10:02,9,6,7,12.9,0.08,0.15,0.05,18.4,243,142,198,344.0,0,0,0,100
18:10:02,9,6,7,12.9,0.08,0.15,0.05,18.5,243,142,198,344.0,0,0,0,100
18:10:02,9,6,7,12.9,0.08,0.15,0.05,18.3,243,142,198,344.0,0,0,0,100
18:10:02,9,6,7,12.9,0.08,0.15,0.05,18.4,243,142,198,344.0,0,0,0,100
18:10:02,9,6,7,12.9,0.08,0.15,0.05,18.4,243,142,198,344.0,0,0,0,100
18:10:02,9,6,7,12.9,0.08,0.15,0.05,18.6,243,142,198,344.0,0,0,0,100
18:10:02,9,6,7,12.9,0.08,0.15,0.05,18.3,243,142,198,344.0,0,0,2,100
18:10:02,9,6,7,12.9,0.08,0.15,0.05,18.3,243,142,198,344.0,0,0,2,100
18:10:03,9,6,7,12.9,0.08,0.15,0.05,18.2,243,142,198,344.0,0,0,2,100
18:10:03,9,6,7,12.9,0.08,0.15,0.05,18.4,243,142,198,344.0,0,0,2,100
18:10:03,8,4,6,10.8,0.09,0.18,0.04,18.4,220,131,174,310.0,0,0,2,100
18:10:03,8,4,6,10.8,0.09,0.18,0.04,18.4,220,131,174,310.0,0,0,2,100
18:10:03,8,4,6,10.8,0.09,0.18,0.04,18.5,220,131,174,310.0,0,0,2,100
18:10:03,8,4,6,10.8,0.09,0.18,0.04,18.4,220,131,174,310.0,0,0,2,100
18:10:03,8,4,6,10.8,0.09,0.18,0.04,18.3,220,131,174,310.0,0,0,2,100
18:10:03,8,4,6,10.8,0.09,0.18,0.04,18.4,220,131,174,310.0,0,0,2,100
18:10:03,8,4,6,10.8,0.09,0.18,0.04,18.2,220,131,174,310.0,2,0,0,100
18:10:03,8,4,6,10.8,0.09,0.18,0.04,18.2,220,131,174,310.0,2,0,0,100
18:10:04,8,4,6,10.8,0.09,0.18,0.04,18.1,220,131,174,310.0,2,0,0,100
18:10:04,8,4,6,10.8,0.09,0.18,0.04,18.4,220,131,174,310.0,2,0,0,100
18:10:04,6,6,9,12.4,0.04,0.16,0.1,18.5,137,96,189,252.0,2,0,0,100
18:10:04,6,6,9,12.4,0.04,0.16,0.1,18.1,137,96,189,252.0,2,0,0,100
18:10:04,6,6,9,12.4,0.04,0.16,0.1,18.1,137,96,189,252.0,2,0,0,100
18:10:04,6,6,9,12.4,0.04,0.16,0.1,18.4,137,96,189,252.0,2,0,0,100
18:10:04,6,6,9,12.4,0.04,0.16,0.1,18.3,137,96,189,252.0,2,0,0,100
18:10:04,6,6,9,12.4,0.04,0.16,0.1,18.5,137,96,189,252.0,2,0,0,100
18:10:04,6,6,9,12.4,0.04,0.16,0.1,18.3,137,96,189,252.0,0,1,0,100
18:10:04,6,6,9,12.4,0.04,0.16,0.1,18.2,137,96,189,252.0,0,1,0,100
18:10:05,6,6,9,12.4,0.04,0.16,0.1,18.4,137,96,189,252.0,0,1,0,100
18:10:05,6,6,9,12.4,0.04,0.16,0.1,18.4,137,96,189,252.0,0,1,0,100
18:10:05,8,1,3,8.6,0.04,0.13,0.1,18.4,192,31,84,212.0,0,1,0,100
18:10:05,8,1,3,8.6,0.04,0.13,0.1,18.4,192,31,84,212.0,0,1,0,100
18:10:05,8,1,3,8.6,0.04,0.13,0.1,18.4,192,31,84,212.0,0,1,0,100
18:10:05,8,1,3,8.6,0.04,0.13,0.1,18.4,192,31,84,212.0,0,1,0,100
18:10:05,8,1,3,8.6,0.04,0.13,0.1,18.2,192,31,84,212.0,0,1,0,100
18:10:05,8,1,3,8.6,0.04,0.13,0.1,18.3,192,31,84,212.0,0,1,0,100
18:10:05,8,1,3,8.6,0.04,0.13,0.1,18.3,192,31,84,212.0,1,3,0,100
18:10:05,8,1,3,8.6,0.04,0.13,0.1,18.5,192,31,84,212.0,1,3,0,100
18:10:06,8,1,3,8.6,0.04,0.13,0.1,18.2,192,31,84,212.0,1,3,0,100
18:10:06,8,1,3,8.6,0.04,0.13,0.1,18.2,192,31,84,212.0,1,3,0,100
18:10:06,4,2,6,7.5,0.07,0.15,0.07,18.2,103,65,177,215.0,1,3,0,100
18:10:06,4,2,6,7.5,0.07,0.15,0.07,18.3,103,65,177,215.0,1,3,0,100
18:10:06,4,2,6,7.5,0.07,0.15,0.07,18.4,103,65,177,215.0,1,3,0,100
18:10:06,4,2,6,7.5,0.07,0.15,0.07,18.2,103,65,177,215.0,1,3,0,100
18:10:06,4,2,6,7.5,0.07,0.15,0.07,18.4,103,65,177,215.0,1,3,0,100
18:10:06,4,2,6,7.5,0.07,0.15,0.07,18.4,103,65,177,215.0,1,3,0,100
18:10:06,4,2,6,7.5,0.07,0.15,0.07,18.2,103,65,177,215.0,1,0,0,100
18:10:06,4,2,6,7.5,0.07,0.15,0.07,18.4,103,65,177,215.0,1,0,0,100
18:10:07,4,2,6,7.5,0.07,0.15,0.07,18.2,103,65,177,215.0,1,0,0,100
18:10:07,4,2,6,7.5,0.07,0.15,0.07,18.2,103,65,177,215.0,1,0,0,100
18:10:07,8,6,4,10.8,0.04,0.14,0.05,18.4,211,117,136,277.0,1,0,0,100
18:10:07,8,6,4,10.8,0.04,0.14,0.05,18.4,211,117,136,277.0,1,0,0,100
18:10:07,8,6,4,10.8,0.04,0.14,0.05,18.2,211,117,136,277.0,1,0,0,100
18:10:07,8,6,4,10.8,0.04,0.14,0.05,18.5,211,117,136,277.0,1,0,0,100
18:10:07,8,6,4,10.8,0.04,0.14,0.05,18.3,211,117,136,277.0,1,0,0,100
18:10:07,8,6,4,10.8,0.04,0.14,0.05,18.4,211,117,136,277.0,1,0,0,100
18:10:07,8,6,4,10.8,0.04,0.14,0.05,18.4,211,117,136,277.0,0,0,2,100
18:10:07,8,6,4,10.8,0.04,0.14,0.05,18.7,211,117,136,277.0,0,0,2,100
18:10:08,8,6,4,10.8,0.04,0.14,0.05,18.2,211,117,136,277.0,0,0,2,100
18:10:08,8,6,4,10.8,0.04,0.14,0.05,18.3,211,117,136,277.0,0,0,2,100
18:10:08,8,5,7,11.7,0.06,0.13,0.05,18.4,206,132,215,326.0,0,0,2,100
18:10:08,8,5,7,11.7,0.06,0.13,0.05,18.3,206,132,215,326.0,0,0,2,100
18:10:08,8,5,7,11.7,0.06,0.13,0.05,18.4,206,132,215,326.0,0,0,2,100
18:10:08,8,5,7,11.7,0.06,0.13,0.05,18.5,206,132,215,326.0,0,0,2,100
18:10:08,8,5,7,11.7,0.06,0.13,0.05,18.4,206,132,215,326.0,0,0,2,100
18:10:08,8,5,7,11.7,0.06,0.13,0.05,18.2,206,132,215,326.0,0,0,2,100
18:10:08,8,5,7,11.7,0.06,0.13,0.05,18.4,206,132,215,326.0,2,0,0,100
18:10:08,8,5,7,11.7,0.06,0.13,0.05,18.5,206,132,215,326.0,2,0,0,100
18:10:09,8,5,7,11.7,0.06,0.13,0.05,18.3,206,132,215,326.0,2,0,0,100
18:10:09,8,5,7,11.7,0.06,0.13,0.05,18.3,206,132,215,326.0,2,0,0,100
18:10:09,6,5,9,11.9,0.03,0.15,0.07,18.5,155,148,237,320.0,2,0,0,100
18:10:09,6,5,9,11.9,0.03,0.15,0.07,18.4,155,148,237,320.0,2,0,0,100
18:10:09,6,5,9,11.9,0.03,0.15,0.07,18.4,155,148,237,320.0,2,0,0,100
18:10:09,6,5,9,11.9,0.03,0.15,0.07,18.4,155,148,237,320.0,2,0,0,100
18:10:09,6,5,9,11.9,0.03,0.15,0.07,18.3,155,148,237,320.0,2,0,0,100
18:10:09,6,5,9,11.9,0.03,0.15,0.07,18.2,155,148,237,320.0,2,0,0,100
18:10:09,6,5,9,11.9,0.03,0.15,0.07,18.4,155,148,237,320.0,0,0,0,100
18:10:09,6,5,9,11.9,0.03,0.15,0.07,18.4,155,148,237,320.0,0,0,0,100
18:10:10,6,5,9,11.9,0.03,0.15,0.07,18.4,155,148,237,320.0,0,0,0,100
18:10:10,6,5,9,11.9,0.03,0.15,0.07,18.3,155,148,237,320.0,0,0,0,100
18:10:10,8,4,6,10.8,0.09,0.13,0.05,18.4,242,138,185,334.0,0,0,0,100
18:10:10,8,4,6,10.8,0.09,0.13,0.05,18.3,242,138,185,334.0,0,0,0,100
18:10:10,8,4,6,10.8,0.09,0.13,0.05,18.4,242,138,185,334.0,0,0,0,100
18:10:10,8,4,6,10.8,0.09,0.13,0.05,18.2,242,138,185,334.0,0,0,0,100
18:10:10,8,4,6,10.8,0.09,0.13,0.05,18.4,242,138,185,334.0,0,0,0,100
18:10:10,8,4,6,10.8,0.09,0.13,0.05,18.2,242,138,185,334.0,0,0,0,100
18:10:10,8,4,6,10.8,0.09,0.13,0.05,18.5,242,138,185,334.0,0,0,1,100
18:10:10,8,4,6,10.8,0.09,0.13,0.05,18.4,242,138,185,334.0,0,0,1,100
18:10:11,8,4,6,10.8,0.09,0.13,0.05,18.4,242,138,185,334.0,0,0,1,100
18:10:11,8,4,6,10.8,0.09,0.13,0.05,18.3,242,138,185,334.0,0,0,1,100
18:10:11,9,5,6,11.9,0.14,0.19,0.05,18.5,240,128,170,321.0,0,0,1,100
18:10:11,9,5,6,11.9,0.14,0.19,0.05,18.4,240,128,170,321.0,0,0,1,100
18:10:11,9,5,6,11.9,0.14,0.19,0.05,18.4,240,128,170,321.0,0,0,1,100
18:10:11,9,5,6,11.9,0.14,0.19,0.05,18.4,240,128,170,321.0,0,0,1,100
18:10:11,9,5,6,11.9,0.14,0.19,0.05,18.2,240,128,170,321.0,0,0,1,100
18:10:11,9,5,6,11.9,0.14,0.19,0.05,18.3,240,128,170,321.0,0,0,1,100
18:10:11,9,5,6,11.9,0.14,0.19,0.05,18.4,240,128,170,321.0,1,0,0,100
18:10:11,9,5,6,11.9,0.14,0.19,0.05,18.6,240,128,170,321.0,1,0,0,100
18:10:12,9,5,6,11.9,0.14,0.19,0.05,18.3,240,128,170,321.0,1,0,0,100
18:10:12,9,5,6,11.9,0.14,0.19,0.05,18.4,240,128,170,321.0,1,0,0,100
18:10:12,5,1,5,7.1,0.07,0.14,0.04,18.1,126,56,157,209.0,1,0,0,100
18:10:12,5,1,5,7.1,0.07,0.14,0.04,18.2,126,56,157,209.0,1,0,0,100
18:10:12,5,1,5,7.1,0.07,0.14,0.04,18.2,126,56,157,209.0,1,0,0,100
18:10:12,5,1,5,7.1,0.07,0.14,0.04,18.2,126,56,157,209.0,1,0,0,100
18:10:12,5,1,5,7.1,0.07,0.14,0.04,18.5,126,56,157,209.0,1,0,0,100
18:10:12,5,1,5,7.1,0.07,0.14,0.04,18.2,126,56,157,209.0,1,0,0,100
18:10:12,5,1,5,7.1,0.07,0.14,0.04,18.2,126,56,157,209.0,0,0,2,100
18:10:12,5,1,5,7.1,0.07,0.14,0.04,18.4,126,56,157,209.0,0,0,2,100
18:10:13,5,1,5,7.1,0.07,0.14,0.04,18.4,126,56,157,209.0,0,0,2,100
18:10:13,5,1,5,7.1,0.07,0.14,0.04,18.4,126,56,157,209.0,0,0,2,100
18:10:13,5,2,5,7.3,0.03,0.1,0.07,18.6,151,56,145,217.0,0,0,2,100
18:10:13,5,2,5,7.3,0.03,0.1,0.07,18.3,151,56,145,217.0,0,0,2,100
18:10:13,5,2,5,7.3,0.03,0.1,0.07,18.4,151,56,145,217.0,0,0,2,100
18:10:13,5,2,5,7.3,0.03,0.1,0.07,18.2,151,56,145,217.0,0,0,2,100
18:10:13,5,2,5,7.3,0.03,0.1,0.07,18.4,151,56,145,217.0,0,0,2,100
18:10:13,5,2,5,7.3,0.03,0.1,0.07,18.4,151,56,145,217.0,0,0,2,100
18:10:13,5,2,5,7.3,0.03,0.1,0.07,18.5,151,56,145,217.0,1,0,0,100
18:10:13,5,2,5,7.3,0.03,0.1,0.07,18.5,151,56,145,217.0,1,0,0,100
18:10:14,5,2,5,7.3,0.03,0.1,0.07,18.2,151,56,145,217.0,1,0,0,100
18:10:14,5,2,5,7.3,0.03,0.1,0.07,18.5,151,56,145,217.0,1,0,0,100
18:10:14,5,3,6,8.4,0.04,0.1,0.05,18.2,154,104,188,264.0,1,0,0,100
18:10:14,5,3,6,8.4,0.04,0.1,0.05,18.1,154,104,188,264.0,1,0,0,100
18:10:14,5,3,6,8.4,0.04,0.1,0.05,18.4,154,104,188,264.0,1,0,0,100
18:10:14,5,3,6,8.4,0.04,0.1,0.05,18.4,154,104,188,264.0,1,0,0,100
18:10:14,5,3,6,8.4,0.04,0.1,0.05,18.4,154,104,188,264.0,1,0,0,100
18:10:14,5,3,6,8.4,0.04,0.1,0.05,18.2,154,104,188,264.0,1,0,0,100
18:10:14,5,3,6,8.4,0.04,0.1,0.05,18.2,154,104,188,264.0,0,0,0,100
18:10:14,5,3,6,8.4,0.04,0.1,0.05,18.4,154,104,188,264.0,0,0,0,100
18:10:15,5,3,6,8.4,0.04,0.1,0.05,18.4,154,104,188,264.0,0,0,0,100
18:10:15,5,3,6,8.4,0.04,0.1,0.05,18.5,154,104,188,264.0,0,0,0,100
18:10:15,8,5,4,10.2,0.06,0.07,0.03,18.2,235,140,120,299.0,0,0,0,100
18:10:15,8,5,4,10.2,0.06,0.07,0.03,18.3,235,140,120,299.0,0,0,0,100
18:10:15,8,5,4,10.2,0.06,0.07,0.03,18.4,235,140,120,299.0,0,0,0,100
18:10:15,8,5,4,10.2,0.06,0.07,0.03,18.3,235,140,120,299.0,0,0,0,100
18:10:15,8,5,4,10.2,0.06,0.07,0.03,18.4,235,140,120,299.0,0,0,0,100
18:10:15,8,5,4,10.2,0.06,0.07,0.03,18.3,235,140,120,299.0,0,0,0,100
18:10:15,8,5,4,10.2,0.06,0.07,0.03,18.3,235,140,120,299.0,0,0,0,100
18:10:15,8,5,4,10.2,0.06,0.07,0.03,18.4,235,140,120,299.0,0,0,0,100
18:10:16,8,5,4,10.2,0.06,0.07,0.03,18.5,235,140,120,299.0,0,0,0,100
18:10:16,8,5,4,10.2,0.06,0.07,0.03,18.2,235,140,120,299.0,0,0,0,100
18:10:16,7,5,7,11.1,0.04,0.1,0.07,18.2,215,148,204,331.0,0,0,0,100
18:10:16,7,5,7,11.1,0.04,0.1,0.07,18.4,215,148,204,331.0,0,0,0,100
18:10:16,7,5,7,11.1,0.04,0.1,0.07,18.4,215,148,204,331.0,0,0,0,100
18:10:16,7,5,7,11.1,0.04,0.1,0.07,18.4,215,148,204,331.0,0,0,0,100
18:10:16,7,5,7,11.1,0.04,0.1,0.07,18.5,215,148,204,331.0,0,0,0,100
18:10:16,7,5,7,11.1,0.04,0.1,0.07,18.5,215,148,204,331.0,0,0,0,100
18:10:16,7,5,7,11.1,0.04,0.1,0.07,18.2,215,148,204,331.0,0,0,0,100
18:10:16,7,5,7,11.1,0.04,0.1,0.07,18.4,215,148,204,331.0,0,0,0,100
18:10:17,7,5,7,11.1,0.04,0.1,0.07,18.4,215,148,204,331.0,0,0,0,100
18:10:17,7,5,7,11.1,0.04,0.1,0.07,18.4,215,148,204,331.0,0,0,0,100
18:10:17,8,5,9,13.0,0.03,0.39,0.07,18.4,169,149,245,333.0,0,0,0,100
18:10:17,8,5,9,13.0,0.03,0.39,0.07,18.4,169,149,245,333.0,0,0,0,100
18:10:17,8,5,9,13.0,0.03,0.39,0.07,18.4,169,149,245,333.0,0,0,0,100
18:10:17,8,5,9,13.0,0.03,0.39,0.07,18.4,169,149,245,333.0,0,0,0,100
18:10:17,8,5,9,13.0,0.03,0.39,0.07,18.4,169,149,245,333.0,0,0,0,100
18:10:17,8,5,9,13.0,0.03,0.39,0.07,18.4,169,149,245,333.0,0,0,0,100
18:10:17,8,5,9,13.0,0.03,0.39,0.07,18.2,169,149,245,333.0,0,0,0,100
18:10:18,8,5,9,13.0,0.03,0.39,0.07,18.3,169,149,245,333.0,0,0,0,100
18:10:18,8,5,9,13.0,0.03,0.39,0.07,18.3,169,149,245,333.0,0,0,0,100
18:10:18,8,5,9,13.0,0.03,0.39,0.07,18.2,169,149,245,333.0,0,0,0,100
18:10:18,6,4,5,8.8,0.04,0.18,0.03,18.4,195,113,144,267.0,0,0,0,100
18:10:18,6,4,5,8.8,0.04,0.18,0.03,18.2,195,113,144,267.0,0,0,0,100
18:10:18,6,4,5,8.8,0.04,0.18,0.03,18.2,195,113,144,267.0,0,0,0,100
18:10:18,6,4,5,8.8,0.04,0.18,0.03,18.4,195,113,144,267.0,0,0,0,100
18:10:18,6,4,5,8.8,0.04,0.18,0.03,18.4,195,113,144,267.0,0,0,0,100
18:10:18,6,4,5,8.8,0.04,0.18,0.03,18.3,195,113,144,267.0,0,0,0,100
18:10:18,6,4,5,8.8,0.04,0.18,0.03,18.2,195,113,144,267.0,0,0,3,100
18:10:18,6,4,5,8.8,0.04,0.18,0.03,18.2,195,113,144,267.0,0,0,3,100
18:10:19,6,4,5,8.8,0.04,0.18,0.03,18.4,195,113,144,267.0,0,0,3,100
18:10:19,6,4,5,8.8,0.04,0.18,0.03,18.2,195,113,144,267.0,0,0,3,100
18:10:19,6,3,7,9.7,0.12,0.25,0.05,18.5,176,80,191,272.0,0,0,3,100
18:10:19,6,3,7,9.7,0.12,0.25,0.05,18.1,176,80,191,272.0,0,0,3,100
18:10:19,6,3,7,9.7,0.12,0.25,0.05,18.4,176,80,191,272.0,0,0,3,100
18:10:19,6,3,7,9.7,0.12,0.25,0.05,18.5,176,80,191,272.0,0,0,3,100
18:10:19,6,3,7,9.7,0.12,0.25,0.05,18.4,176,80,191,272.0,0,0,3,100
18:10:19,6,3,7,9.7,0.12,0.25,0.05,18.4,176,80,191,272.0,0,0,3,100
18:10:19,6,3,7,9.7,0.12,0.25,0.05,18.2,176,80,191,272.0,2,3,0,100
18:10:20,6,3,7,9.7,0.12,0.25,0.05,18.5,176,80,191,272.0,2,3,0,100
18:10:20,6,3,7,9.7,0.12,0.25,0.05,18.2,176,80,191,272.0,2,3,0,100
18:10:20,6,3,7,9.7,0.12,0.25,0.05,18.4,176,80,191,272.0,2,3,0,100
18:10:20,7,5,7,11.1,0.06,0.15,0.04,18.2,169,46,143,226.0,2,3,0,100
18:10:20,7,5,7,11.1,0.06,0.15,0.04,18.5,169,46,143,226.0,2,3,0,100
18:10:20,7,5,7,11.1,0.06,0.15,0.04,18.2,169,46,143,226.0,2,3,0,100
18:10:20,7,5,7,11.1,0.06,0.15,0.04,18.4,169,46,143,226.0,2,3,0,100
18:10:20,7,5,7,11.1,0.06,0.15,0.04,18.3,169,46,143,226.0,2,3,0,100
18:10:20,7,5,7,11.1,0.06,0.15,0.04,18.2,169,46,143,226.0,2,3,0,100
18:10:20,7,5,7,11.1,0.06,0.15,0.04,18.4,169,46,143,226.0,0,0,3,100
18:10:21,7,5,7,11.1,0.06,0.15,0.04,18.2,169,46,143,226.0,0,0,3,100
18:10:21,7,5,7,11.1,0.06,0.15,0.04,18.2,169,46,143,226.0,0,0,3,100
18:10:21,7,5,7,11.1,0.06,0.15,0.04,18.3,169,46,143,226.0,0,0,3,100
18:10:21,6,3,6,9.0,0.04,0.17,0.09,18.4,176,88,195,277.0,0,0,3,100
18:10:21,6,3,6,9.0,0.04,0.17,0.09,18.4,176,88,195,277.0,0,0,3,100
18:10:21,6,3,6,9.0,0.04,0.17,0.09,18.4,176,88,195,277.0,0,0,3,100
18:10:21,6,3,6,9.0,0.04,0.17,0.09,18.4,176,88,195,277.0,0,0,3,100
18:10:21,6,3,6,9.0,0.04,0.17,0.09,18.4,176,88,195,277.0,0,0,3,100
18:10:21,6,3,6,9.0,0.04,0.17,0.09,18.4,176,88,195,277.0,0,0,3,100
18:10:21,6,3,6,9.0,0.04,0.17,0.09,18.4,176,88,195,277.0,0,0,0,100
18:10:22,6,3,6,9.0,0.04,0.17,0.09,18.4,176,88,195,277.0,0,0,0,100
18:10:22,6,3,6,9.0,0.04,0.17,0.09,18.2,176,88,195,277.0,0,0,0,100
18:10:22,6,3,6,9.0,0.04,0.17,0.09,18.3,176,88,195,277.0,0,0,0,100
18:10:22,6,5,9,11.9,0.08,0.29,0.09,18.2,169,118,236,313.0,0,0,0,100
18:10:22,6,5,9,11.9,0.08,0.29,0.09,18.4,169,118,236,313.0,0,0,0,100
18:10:22,6,5,9,11.9,0.08,0.29,0.09,18.3,169,118,236,313.0,0,0,0,100
18:10:22,6,5,9,11.9,0.08,0.29,0.09,18.3,169,118,236,313.0,0,0,0,100
18:10:22,6,5,9,11.9,0.08,0.29,0.09,18.4,169,118,236,313.0,0,0,0,100
18:10:22,6,5,9,11.9,0.08,0.29,0.09,18.2,169,118,236,313.0,0,0,0,100
18:10:22,6,5,9,11.9,0.08,0.29,0.09,18.4,169,118,236,313.0,0,0,0,100
18:10:23,6,5,9,11.9,0.08,0.29,0.09,18.4,169,118,236,313.0,0,0,0,100
18:10:23,6,5,9,11.9,0.08,0.29,0.09,18.4,169,118,236,313.0,0,0,0,100
18:10:23,6,5,9,11.9,0.08,0.29,0.09,18.4,169,118,236,313.0,0,0,0,100
18:10:23,8,5,4,10.2,0.02,0.11,0.02,18.4,228,130,128,292.0,0,0,0,100
18:10:23,8,5,4,10.2,0.02,0.11,0.02,18.4,228,130,128,292.0,0,0,0,100
18:10:23,8,5,4,10.2,0.02,0.11,0.02,18.2,228,130,128,292.0,0,0,0,100
18:10:23,8,5,4,10.2,0.02,0.11,0.02,18.3,228,130,128,292.0,0,0,0,100
18:10:23,8,5,4,10.2,0.02,0.11,0.02,18.4,228,130,128,292.0,0,0,0,100
18:10:23,8,5,4,10.2,0.02,0.11,0.02,18.4,228,130,128,292.0,0,0,0,100
18:10:23,8,5,4,10.2,0.02,0.11,0.02,18.4,228,130,128,292.0,0,0,1,100
18:10:24,8,5,4,10.2,0.02,0.11,0.02,18.2,228,130,128,292.0,0,0,1,100
18:10:24,8,5,4,10.2,0.02,0.11,0.02,18.2,228,130,128,292.0,0,0,1,100
18:10:24,8,5,4,10.2,0.02,0.11,0.02,18.3,228,130,128,292.0,0,0,1,100
18:10:24,7,4,8,11.4,0.04,0.15,0.05,18.4,200,134,239,339.0,0,0,1,100
18:10:24,7,4,8,11.4,0.04,0.15,0.05,18.4,200,134,239,339.0,0,0,1,100
18:10:24,7,4,8,11.4,0.04,0.15,0.05,18.5,200,134,239,339.0,0,0,1,100
18:10:24,7,4,8,11.4,0.04,0.15,0.05,18.3,200,134,239,339.0,0,0,1,100
18:10:24,7,4,8,11.4,0.04,0.15,0.05,18.4,200,134,239,339.0,0,0,1,100
18:10:24,7,4,8,11.4,0.04,0.15,0.05,18.4,200,134,239,339.0,0,0,1,100
18:10:24,7,4,8,11.4,0.04,0.15,0.05,18.3,200,134,239,339.0,2,0,0,100
18:10:25,7,4,8,11.4,0.04,0.15,0.05,18.4,200,134,239,339.0,2,0,0,100
18:10:25,7,4,8,11.4,0.04,0.15,0.05,18.4,200,134,239,339.0,2,0,0,100
18:10:25,7,4,8,11.4,0.04,0.15,0.05,18.4,200,134,239,339.0,2,0,0,100
18:10:25,6,5,8,11.2,0.05,0.2,0.09,18.4,160,140,235,317.0,2,0,0,100
18:10:25,6,5,8,11.2,0.05,0.2,0.09,18.4,160,140,235,317.0,2,0,0,100
18:10:25,6,5,8,11.2,0.05,0.2,0.09,18.4,160,140,235,317.0,2,0,0,100
18:10:25,6,5,8,11.2,0.05,0.2,0.09,18.4,160,140,235,317.0,2,0,0,100
18:10:25,6,5,8,11.2,0.05,0.2,0.09,18.4,160,140,235,317.0,2,0,0,100
18:10:25,6,5,8,11.2,0.05,0.2,0.09,18.3,160,140,235,317.0,2,0,0,100
18:10:25,6,5,8,11.2,0.05,0.2,0.09,18.3,160,140,235,317.0,0,0,0,100
18:10:26,6,5,8,11.2,0.05,0.2,0.09,18.4,160,140,235,317.0,0,0,0,100
18:10:26,6,5,8,11.2,0.05,0.2,0.09,18.4,160,140,235,317.0,0,0,0,100
18:10:26,6,5,8,11.2,0.05,0.2,0.09,18.5,160,140,235,317.0,0,0,0,100
18:10:26,7,4,6,10.0,0.07,0.22,0.1,18.3,205,114,128,267.0,0,0,0,100
18:10:26,7,4,6,10.0,0.07,0.22,0.1,18.3,205,114,128,267.0,0,0,0,100
18:10:26,7,4,6,10.0,0.07,0.22,0.1,18.2,205,114,128,267.0,0,0,0,100
18:10:26,7,4,6,10.0,0.07,0.22,0.1,18.4,205,114,128,267.0,0,0,0,100
18:10:26,7,4,6,10.0,0.07,0.22,0.1,18.4,205,114,128,267.0,0,0,0,100
18:10:26,7,4,6,10.0,0.07,0.22,0.1,18.6,205,114,128,267.0,0,0,0,100
18:10:26,7,4,6,10.0,0.07,0.22,0.1,18.4,205,114,128,267.0,0,0,0,100
18:10:27,7,4,6,10.0,0.07,0.22,0.1,18.4,205,114,128,267.0,0,0,0,100
18:10:27,7,4,6,10.0,0.07,0.22,0.1,18.4,205,114,128,267.0,0,0,0,100
18:10:27,7,4,6,10.0,0.07,0.22,0.1,18.4,205,114,128,267.0,0,0,0,100
18:10:27,6,4,5,8.8,0.05,0.11,0.03,18.4,132,52,143,201.0,0,0,0,100
18:10:27,6,4,5,8.8,0.05,0.11,0.03,18.5,132,52,143,201.0,0,0,0,100
18:10:27,6,4,5,8.8,0.05,0.11,0.03,18.4,132,52,143,201.0,0,0,0,100
18:10:27,6,4,5,8.8,0.05,0.11,0.03,18.4,132,52,143,201.0,0,0,0,100
18:10:27,6,4,5,8.8,0.05,0.11,0.03,18.3,132,52,143,201.0,0,0,0,100
18:10:27,6,4,5,8.8,0.05,0.11,0.03,18.2,132,52,143,201.0,0,0,0,100
18:10:27,6,4,5,8.8,0.05,0.11,0.03,18.2,132,52,143,201.0,1,0,0,100
18:10:28,6,4,5,8.8,0.05,0.11,0.03,18.2,132,52,143,201.0,1,0,0,100
18:10:28,6,4,5,8.8,0.05,0.11,0.03,18.4,132,52,143,201.0,1,0,0,100
18:10:28,6,4,5,8.8,0.05,0.11,0.03,18.4,132,52,143,201.0,1,0,0,100
18:10:28,6,3,4,7.8,0.07,0.13,0.07,18.2,169,84,110,218.0,1,0,0,100
18:10:28,6,3,4,7.8,0.07,0.13,0.07,18.2,169,84,110,218.0,1,0,0,100
18:10:28,6,3,4,7.8,0.07,0.13,0.07,18.4,169,84,110,218.0,1,0,0,100
18:10:28,6,3,4,7.8,0.07,0.13,0.07,18.2,169,84,110,218.0,1,0,0,100
18:10:28,6,3,4,7.8,0.07,0.13,0.07,18.3,169,84,110,218.0,1,0,0,100
18:10:28,6,3,4,7.8,0.07,0.13,0.07,18.2,169,84,110,218.0,1,0,0,100
18:10:28,6,3,4,7.8,0.07,0.13,0.07,18.2,169,84,110,218.0,0,0,2,100
18:10:29,6,3,4,7.8,0.07,0.13,0.07,18.5,169,84,110,218.0,0,0,2,100
18:10:29,6,3,4,7.8,0.07,0.13,0.07,18.2,169,84,110,218.0,0,0,2,100
18:10:29,6,3,4,7.8,0.07,0.13,0.07,18.4,169,84,110,218.0,0,0,2,100
18:10:29,5,3,6,8.4,0.05,0.19,0.1,18.1,169,103,201,282.0,0,0,2,100
18:10:29,5,3,6,8.4,0.05,0.19,0.1,18.4,169,103,201,282.0,0,0,2,100
18:10:29,5,3,6,8.4,0.05,0.19,0.1,18.6,169,103,201,282.0,0,0,2,100
18:10:29,5,3,6,8.4,0.05,0.19,0.1,18.4,169,103,201,282.0,0,0,2,100
18:10:29,5,3,6,8.4,0.05,0.19,0.1,18.4,169,103,201,282.0,0,0,2,100
18:10:29,5,3,6,8.4,0.05,0.19,0.1,18.4,169,103,201,282.0,0,0,2,100
18:10:30,5,3,6,8.4,0.05,0.19,0.1,18.4,169,103,201,282.0,1,0,0,100
18:10:30,5,3,6,8.4,0.05,0.19,0.1,18.4,169,103,201,282.0,1,0,0,100
18:10:30,5,3,6,8.4,0.05,0.19,0.1,18.4,169,103,201,282.0,1,0,0,100
18:10:30,5,3,6,8.4,0.05,0.19,0.1,18.4,169,103,201,282.0,1,0,0,100
18:10:30,7,5,7,11.1,0.05,0.12,0.04,18.2,205,149,214,332.0,1,0,0,100
18:10:30,7,5,7,11.1,0.05,0.12,0.04,18.4,205,149,214,332.0,1,0,0,100
18:10:30,7,5,7,11.1,0.05,0.12,0.04,18.4,205,149,214,332.0,1,0,0,100
18:10:30,7,5,7,11.1,0.05,0.12,0.04,18.3,205,149,214,332.0,1,0,0,100
18:10:30,7,5,7,11.1,0.05,0.12,0.04,18.4,205,149,214,332.0,1,0,0,100
18:10:30,7,5,7,11.1,0.05,0.12,0.04,18.2,205,149,214,332.0,1,0,0,100
18:10:30,7,5,7,11.1,0.05,0.12,0.04,18.2,205,149,214,332.0,0,0,2,100
18:10:31,7,5,7,11.1,0.05,0.12,0.04,18.4,205,149,214,332.0,0,0,2,100
18:10:31,7,5,7,11.1,0.05,0.12,0.04,18.2,205,149,214,332.0,0,0,2,100
18:10:31,7,5,7,11.1,0.05,0.12,0.04,18.1,205,149,214,332.0,0,0,2,100
18:10:31,10,6,6,13.1,0.15,0.25,0.03,18.4,289,173,103,352.0,0,0,2,100
18:10:31,10,6,6,13.1,0.15,0.25,0.03,18.4,289,173,103,352.0,0,0,2,100
18:10:31,10,6,6,13.1,0.15,0.25,0.03,18.2,289,173,103,352.0,0,0,2,100
18:10:31,10,6,6,13.1,0.15,0.25,0.03,18.3,289,173,103,352.0,0,0,2,100
18:10:31,10,6,6,13.1,0.15,0.25,0.03,18.3,289,173,103,352.0,0,0,2,100
18:10:31,10,6,6,13.1,0.15,0.25,0.03,18.2,289,173,103,352.0,0,0,2,100
18:10:32,10,6,6,13.1,0.15,0.25,0.03,18.4,289,173,103,352.0,0,0,1,100
18:10:32,10,6,6,13.1,0.15,0.25,0.03,18.4,289,173,103,352.0,0,0,1,100
18:10:32,10,6,6,13.1,0.15,0.25,0.03,18.4,289,173,103,352.0,0,0,1,100
18:10:32,10,6,6,13.1,0.15,0.25,0.03,18.2,289,173,103,352.0,0,0,1,100
18:10:32,7,5,7,11.1,0.06,0.16,0.05,18.4,198,135,216,323.0,0,0,1,100
18:10:32,7,5,7,11.1,0.06,0.16,0.05,18.3,198,135,216,323.0,0,0,1,100
18:10:32,7,5,7,11.1,0.06,0.16,0.05,18.4,198,135,216,323.0,0,0,1,100
18:10:32,7,5,7,11.1,0.06,0.16,0.05,18.3,198,135,216,323.0,0,0,1,100
18:10:32,7,5,7,11.1,0.06,0.16,0.05,18.4,198,135,216,323.0,0,0,1,100
18:10:32,7,5,7,11.1,0.06,0.16,0.05,18.2,198,135,216,323.0,0,0,1,100
18:10:33,7,5,7,11.1,0.06,0.16,0.05,18.4,198,135,216,323.0,1,0,0,100
18:10:33,7,5,7,11.1,0.06,0.16,0.05,18.2,198,135,216,323.0,1,0,0,100
18:10:33,7,5,7,11.1,0.06,0.16,0.05,18.6,198,135,216,323.0,1,0,0,100
18:10:33,7,5,7,11.1,0.06,0.16,0.05,18.4,198,135,216,323.0,1,0,0,100
18:10:33,6,4,7,10.0,0.03,0.18,0.1,18.5,157,126,206,288.0,1,0,0,100
18:10:33,6,4,7,10.0,0.03,0.18,0.1,18.4,157,126,206,288.0,1,0,0,100
18:10:33,6,4,7,10.0,0.03,0.18,0.1,18.4,157,126,206,288.0,1,0,0,100
18:10:33,6,4,7,10.0,0.03,0.18,0.1,18.4,157,126,206,288.0,1,0,0,100
18:10:33,6,4,7,10.0,0.03,0.18,0.1,18.4,157,126,206,288.0,1,0,0,100
18:10:33,6,4,7,10.0,0.03,0.18,0.1,18.2,157,126,206,288.0,1,0,0,100
18:10:34,6,4,7,10.0,0.03,0.18,0.1,18.3,157,126,206,288.0,0,0,2,100
18:10:34,6,4,7,10.0,0.03,0.18,0.1,18.3,157,126,206,288.0,0,0,2,100
18:10:34,6,4,7,10.0,0.03,0.18,0.1,18.2,157,126,206,288.0,0,0,2,100
18:10:34,6,4,7,10.0,0.03,0.18,0.1,18.5,157,126,206,288.0,0,0,2,100
18:10:34,6,4,7,10.0,0.03,0.18,0.1,18.5,157,126,206,288.0,0,0,2,100
18:10:34,6,2,4,7.5,0.04,0.11,0.04,18.4,162,63,121,212.0,0,0,2,100
18:10:34,6,2,4,7.5,0.04,0.11,0.04,18.2,162,63,121,212.0,0,0,2,100
18:10:34,6,2,4,7.5,0.04,0.11,0.04,18.2,162,63,121,212.0,0,0,2,100
18:10:34,6,2,4,7.5,0.04,0.11,0.04,18.4,162,63,121,212.0,0,0,2,100
18:10:34,6,2,4,7.5,0.04,0.11,0.04,18.1,162,63,121,212.0,0,0,2,100
18:10:35,6,2,4,7.5,0.04,0.11,0.04,18.5,162,63,121,212.0,1,2,0,100
18:10:35,6,2,4,7.5,0.04,0.11,0.04,18.2,162,63,121,212.0,1,2,0,100
18:10:35,6,2,4,7.5,0.04,0.11,0.04,18.4,162,63,121,212.0,1,2,0,100
18:10:35,6,2,4,7.5,0.04,0.11,0.04,18.2,162,63,121,212.0,1,2,0,100
18:10:35,6,2,4,7.5,0.04,0.11,0.04,18.4,162,63,121,212.0,1,2,0,100
18:10:35,5,2,5,7.3,0.07,0.18,0.03,18.2,136,59,160,218.0,1,2,0,100
18:10:35,5,2,5,7.3,0.07,0.18,0.03,18.5,136,59,160,218.0,1,2,0,100
18:10:35,5,2,5,7.3,0.07,0.18,0.03,18.4,136,59,160,218.0,1,2,0,100
18:10:35,5,2,5,7.3,0.07,0.18,0.03,18.4,136,59,160,218.0,1,2,0,100
18:10:35,5,2,5,7.3,0.07,0.18,0.03,18.2,136,59,160,218.0,1,2,0,100
18:10:36,5,2,5,7.3,0.07,0.18,0.03,18.4,136,59,160,218.0,0,0,0,100
18:10:36,5,2,5,7.3,0.07,0.18,0.03,18.4,136,59,160,218.0,0,0,0,100
18:10:36,5,2,5,7.3,0.07,0.18,0.03,18.4,136,59,160,218.0,0,0,0,100
18:10:36,5,2,5,7.3,0.07,0.18,0.03,18.5,136,59,160,218.0,0,0,0,100
18:10:36,5,2,5,7.3,0.07,0.18,0.03,18.4,136,59,160,218.0,0,0,0,100
18:10:36,7,3,3,8.2,0.05,0.23,0.05,18.2,210,110,99,257.0,0,0,0,100
18:10:36,7,3,3,8.2,0.05,0.23,0.05,18.4,210,110,99,257.0,0,0,0,100
18:10:36,7,3,3,8.2,0.05,0.23,0.05,18.3,210,110,99,257.0,0,0,0,100
18:10:36,7,3,3,8.2,0.05,0.23,0.05,18.3,210,110,99,257.0,0,0,0,100
18:10:36,7,3,3,8.2,0.05,0.23,0.05,18.3,210,110,99,257.0,0,0,0,100
18:10:37,7,3,3,8.2,0.05,0.23,0.05,18.1,210,110,99,257.0,0,0,0,100
18:10:37,7,3,3,8.2,0.05,0.23,0.05,18.4,210,110,99,257.0,0,0,0,100
18:10:37,7,3,3,8.2,0.05,0.23,0.05,18.2,210,110,99,257.0,0,0,0,100
18:10:37,7,3,3,8.2,0.05,0.23,0.05,18.2,210,110,99,257.0,0,0,0,100
18:10:37,7,3,3,8.2,0.05,0.23,0.05,18.4,210,110,99,257.0,0,0,0,100
18:10:37,7,6,9,12.9,0.05,0.12,0.08,18.2,164,132,230,312.0,0,0,0,100
18:10:37,7,6,9,12.9,0.05,0.12,0.08,18.4,164,132,230,312.0,0,0,0,100
18:10:37,7,6,9,12.9,0.05,0.12,0.08,18.2,164,132,230,312.0,0,0,0,100
18:10:37,7,6,9,12.9,0.05,0.12,0.08,18.2,164,132,230,312.0,0,0,0,100
18:10:37,7,6,9,12.9,0.05,0.12,0.08,18.4,164,132,230,312.0,0,0,0,100
18:10:38,7,6,9,12.9,0.05,0.12,0.08,18.3,164,132,230,312.0,0,0,0,100
18:10:38,7,6,9,12.9,0.05,0.12,0.08,18.3,164,132,230,312.0,0,0,0,100
18:10:38,7,6,9,12.9,0.05,0.12,0.08,18.5,164,132,230,312.0,0,0,0,100
18:10:38,7,6,9,12.9,0.05,0.12,0.08,18.4,164,132,230,312.0,0,0,0,100
18:10:38,7,6,9,12.9,0.05,0.12,0.08,18.4,164,132,230,312.0,0,0,0,100
18:10:38,7,4,8,11.4,0.05,0.11,0.04,18.2,199,126,226,326.0,0,0,0,100
18:10:38,7,4,8,11.4,0.05,0.11,0.04,18.2,199,126,226,326.0,0,0,0,100
18:10:38,7,4,8,11.4,0.05,0.11,0.04,18.4,199,126,226,326.0,0,0,0,100
18:10:38,7,4,8,11.4,0.05,0.11,0.04,18.6,199,126,226,326.0,0,0,0,100
18:10:38,7,4,8,11.4,0.05,0.11,0.04,18.4,199,126,226,326.0,0,0,0,100
18:10:39,7,4,8,11.4,0.05,0.11,0.04,18.3,199,126,226,326.0,0,0,1,100
18:10:39,7,4,8,11.4,0.05,0.11,0.04,18.2,199,126,226,326.0,0,0,1,100
18:10:39,7,4,8,11.4,0.05,0.11,0.04,18.2,199,126,226,326.0,0,0,1,100
18:10:39,7,4,8,11.4,0.05,0.11,0.04,18.2,199,126,226,326.0,0,0,1,100
18:10:39,7,4,8,11.4,0.05,0.11,0.04,18.3,199,126,226,326.0,0,0,1,100
18:10:39,8,4,4,9.8,0.07,0.23,0.04,18.4,235,129,114,291.0,0,0,1,100
18:10:39,8,4,4,9.8,0.07,0.23,0.04,18.4,235,129,114,291.0,0,0,1,100
18:10:39,8,4,4,9.8,0.07,0.23,0.04,18.4,235,129,114,291.0,0,0,1,100
18:10:39,8,4,4,9.8,0.07,0.23,0.04,18.4,235,129,114,291.0,0,0,1,100
18:10:39,8,4,4,9.8,0.07,0.23,0.04,18.3,235,129,114,291.0,0,0,1,100
18:10:40,8,4,4,9.8,0.07,0.23,0.04,18.2,235,129,114,291.0,0,0,0,100
18:10:40,8,4,4,9.8,0.07,0.23,0.04,18.2,235,129,114,291.0,0,0,0,100
18:10:40,8,4,4,9.8,0.07,0.23,0.04,18.2,235,129,114,291.0,0,0,0,100
18:10:40,8,4,4,9.8,0.07,0.23,0.04,18.4,235,129,114,291.0,0,0,0,100
18:10:40,8,4,4,9.8,0.07,0.23,0.04,18.4,235,129,114,291.0,0,0,0,100
18:10:40,6,4,7,10.0,0.07,0.14,0.07,18.3,172,109,194,281.0,0,0,0,100
18:10:40,6,4,7,10.0,0.07,0.14,0.07,18.3,172,109,194,281.0,0,0,0,100
18:10:40,6,4,7,10.0,0.07,0.14,0.07,18.4,172,109,194,281.0,0,0,0,100
18:10:40,6,4,7,10.0,0.07,0.14,0.07,18.5,172,109,194,281.0,0,0,0,100
18:10:40,6,4,7,10.0,0.07,0.14,0.07,18.5,172,109,194,281.0,0,0,0,100
18:10:41,6,4,7,10.0,0.07,0.14,0.07,18.2,172,109,194,281.0,1,0,0,100
18:10:41,6,4,7,10.0,0.07,0.14,0.07,18.3,172,109,194,281.0,1,0,0,100
18:10:41,6,4,7,10.0,0.07,0.14,0.07,18.4,172,109,194,281.0,1,0,0,100
18:10:41,6,4,7,10.0,0.07,0.14,0.07,18.2,172,109,194,281.0,1,0,0,100
18:10:41,6,4,7,10.0,0.07,0.14,0.07,18.3,172,109,194,281.0,1,0,0,100
18:10:41,5,3,6,8.4,0.04,0.12,0.08,18.4,156,83,173,247.0,1,0,0,100
18:10:41,5,3,6,8.4,0.04,0.12,0.08,18.2,156,83,173,247.0,1,0,0,100
18:10:41,5,3,6,8.4,0.04,0.12,0.08,18.4,156,83,173,247.0,1,0,0,100
18:10:41,5,3,6,8.4,0.04,0.12,0.08,18.3,156,83,173,247.0,1,0,0,100
18:10:41,5,3,6,8.4,0.04,0.12,0.08,18.4,156,83,173,247.0,1,0,0,100
18:10:42,5,3,6,8.4,0.04,0.12,0.08,18.2,156,83,173,247.0,0,1,0,100
18:10:42,5,3,6,8.4,0.04,0.12,0.08,18.2,156,83,173,247.0,0,1,0,100
18:10:42,5,3,6,8.4,0.04,0.12,0.08,18.2,156,83,173,247.0,0,1,0,100
18:10:42,5,3,6,8.4,0.04,0.12,0.08,18.4,156,83,173,247.0,0,1,0,100
18:10:42,5,3,6,8.4,0.04,0.12,0.08,18.4,156,83,173,247.0,0,1,0,100
18:10:42,5,3,7,9.1,0.04,0.12,0.08,18.4,169,36,144,225.0,0,1,0,100
18:10:42,5,3,7,9.1,0.04,0.12,0.08,18.4,169,36,144,225.0,0,1,0,100
18:10:42,5,3,7,9.1,0.04,0.12,0.08,18.2,169,36,144,225.0,0,1,0,100
18:10:42,5,3,7,9.1,0.04,0.12,0.08,18.2,169,36,144,225.0,0,1,0,100
18:10:42,5,3,7,9.1,0.04,0.12,0.08,18.4,169,36,144,225.0,0,1,0,100
18:10:43,5,3,7,9.1,0.04,0.12,0.08,18.4,169,36,144,225.0,0,1,0,100
18:10:43,5,3,7,9.1,0.04,0.12,0.08,18.4,169,36,144,225.0,0,1,0,100
18:10:43,5,3,7,9.1,0.04,0.12,0.08,18.4,169,36,144,225.0,0,1,0,100
18:10:43,5,3,7,9.1,0.04,0.12,0.08,18.4,169,36,144,225.0,0,1,0,100
18:10:43,5,3,7,9.1,0.04,0.12,0.08,18.0,169,36,144,225.0,0,1,0,100
18:10:43,5,2,5,7.3,0.08,0.12,0.04,18.2,154,80,155,233.0,0,1,0,100
18:10:43,5,2,5,7.3,0.08,0.12,0.04,18.4,154,80,155,233.0,0,1,0,100
18:10:43,5,2,5,7.3,0.08,0.12,0.04,18.2,154,80,155,233.0,0,1,0,100
18:10:43,5,2,5,7.3,0.08,0.12,0.04,18.3,154,80,155,233.0,0,1,0,100
18:10:44,5,2,5,7.3,0.08,0.12,0.04,18.2,154,80,155,233.0,0,1,0,100
18:10:44,5,2,5,7.3,0.08,0.12,0.04,18.4,154,80,155,233.0,0,0,2,100
18:10:44,5,2,5,7.3,0.08,0.12,0.04,18.4,154,80,155,233.0,0,0,2,100
18:10:44,5,2,5,7.3,0.08,0.12,0.04,18.5,154,80,155,233.0,0,0,2,100
18:10:44,5,2,5,7.3,0.08,0.12,0.04,18.4,154,80,155,233.0,0,0,2,100
18:10:44,5,2,5,7.3,0.08,0.12,0.04,18.3,154,80,155,233.0,0,0,2,100
18:10:44,9,7,5,12.4,0.06,0.18,0.06,18.2,216,122,130,280.0,0,0,2,100
18:10:44,9,7,5,12.4,0.06,0.18,0.06,18.4,216,122,130,280.0,0,0,2,100
18:10:44,9,7,5,12.4,0.06,0.18,0.06,18.2,216,122,130,280.0,0,0,2,100
18:10:44,9,7,5,12.4,0.06,0.18,0.06,18.4,216,122,130,280.0,0,0,2,100
18:10:44,9,7,5,12.4,0.06,0.18,0.06,18.4,216,122,130,280.0,0,0,2,100
18:10:45,9,7,5,12.4,0.06,0.18,0.06,18.3,216,122,130,280.0,0,0,0,100
18:10:45,9,7,5,12.4,0.06,0.18,0.06,18.2,216,122,130,280.0,0,0,0,100
18:10:45,9,7,5,12.4,0.06,0.18,0.06,18.2,216,122,130,280.0,0,0,0,100
18:10:45,9,7,5,12.4,0.06,0.18,0.06,18.4,216,122,130,280.0,0,0,0,100
18:10:45,9,7,5,12.4,0.06,0.18,0.06,18.4,216,122,130,280.0,0,0,0,100
18:10:45,7,6,9,12.9,0.04,0.15,0.08,18.2,151,141,248,323.0,0,0,0,100
18:10:45,7,6,9,12.9,0.04,0.15,0.08,18.3,151,141,248,323.0,0,0,0,100
18:10:45,7,6,9,12.9,0.04,0.15,0.08,18.2,151,141,248,323.0,0,0,0,100
18:10:45,7,6,9,12.9,0.04,0.15,0.08,18.4,151,141,248,323.0,0,0,0,100
18:10:45,7,6,9,12.9,0.04,0.15,0.08,18.4,151,141,248,323.0,0,0,0,100
18:10:46,7,6,9,12.9,0.04,0.15,0.08,18.4,151,141,248,323.0,1,0,0,100
18:10:46,7,6,9,12.9,0.04,0.15,0.08,18.4,151,141,248,323.0,1,0,0,100
18:10:46,7,6,9,12.9,0.04,0.15,0.08,18.2,151,141,248,323.0,1,0,0,100
18:10:46,7,6,9,12.9,0.04,0.15,0.08,18.2,151,141,248,323.0,1,0,0,100
18:10:46,7,6,9,12.9,0.04,0.15,0.08,18.2,151,141,248,323.0,1,0,0,100
18:10:46,7,5,8,11.7,0.06,0.15,0.08,18.2,210,153,251,361.0,1,0,0,100
18:10:46,7,5,8,11.7,0.06,0.15,0.08,18.2,210,153,251,361.0,1,0,0,100
18:10:46,7,5,8,11.7,0.06,0.15,0.08,18.5,210,153,251,361.0,1,0,0,100
18:10:46,7,5,8,11.7,0.06,0.15,0.08,18.4,210,153,251,361.0,1,0,0,100
18:10:46,7,5,8,11.7,0.06,0.15,0.08,18.4,210,153,251,361.0,1,0,0,100
18:10:47,7,5,8,11.7,0.06,0.15,0.08,18.2,210,153,251,361.0,0,0,0,100
18:10:47,7,5,8,11.7,0.06,0.15,0.08,18.4,210,153,251,361.0,0,0,0,100
18:10:47,7,5,8,11.7,0.06,0.15,0.08,18.5,210,153,251,361.0,0,0,0,100
18:10:47,7,5,8,11.7,0.06,0.15,0.08,18.3,210,153,251,361.0,0,0,0,100
18:10:47,7,5,8,11.7,0.06,0.15,0.08,18.2,210,153,251,361.0,0,0,0,100
18:10:47,9,4,5,11.0,0.05,0.09,0.04,18.2,256,138,133,320.0,0,0,0,100
18:10:47,9,4,5,11.0,0.05,0.09,0.04,18.1,256,138,133,320.0,0,0,0,100
18:10:47,9,4,5,11.0,0.05,0.09,0.04,18.4,256,138,133,320.0,0,0,0,100
18:10:47,9,4,5,11.0,0.05,0.09,0.04,18.2,256,138,133,320.0,0,0,0,100
18:10:48,9,4,5,11.0,0.05,0.09,0.04,18.4,256,138,133,320.0,0,0,0,100
18:10:48,9,4,5,11.0,0.05,0.09,0.04,18.2,256,138,133,320.0,0,0,0,100
18:10:48,9,4,5,11.0,0.05,0.09,0.04,18.4,256,138,133,320.0,0,0,0,100
18:10:48,9,4,5,11.0,0.05,0.09,0.04,18.4,256,138,133,320.0,0,0,0,100
18:10:48,9,4,5,11.0,0.05,0.09,0.04,18.2,256,138,133,320.0,0,0,0,100
18:10:48,9,4,5,11.0,0.05,0.09,0.04,18.2,256,138,133,320.0,0,0,0,100
18:10:48,5,3,6,8.4,0.09,0.15,0.08,18.4,157,105,190,268.0,0,0,0,100
18:10:48,5,3,6,8.4,0.09,0.15,0.08,18.2,157,105,190,268.0,0,0,0,100
18:10:48,5,3,6,8.4,0.09,0.15,0.08,18.2,157,105,190,268.0,0,0,0,100
18:10:48,5,3,6,8.4,0.09,0.15,0.08,18.5,157,105,190,268.0,0,0,0,100
18:10:48,5,3,6,8.4,0.09,0.15,0.08,18.3,157,105,190,268.0,0,0,0,100
18:10:49,5,3,6,8.4,0.09,0.15,0.08,18.4,157,105,190,268.0,0,0,0,100
18:10:49,5,3,6,8.4,0.09,0.15,0.08,18.2,157,105,190,268.0,0,0,0,100
18:10:49,5,3,6,8.4,0.09,0.15,0.08,18.3,157,105,190,268.0,0,0,0,100
18:10:49,5,3,6,8.4,0.09,0.15,0.08,18.3,157,105,190,268.0,0,0,0,100
18:10:49,5,3,6,8.4,0.09,0.15,0.08,18.4,157,105,190,268.0,0,0,0,100
18:10:49,6,2,4,7.5,0.05,0.17,0.1,18.2,153,56,154,224.0,0,0,0,100
18:10:49,6,2,4,7.5,0.05,0.17,0.1,18.2,153,56,154,224.0,0,0,0,100
18:10:49,6,2,4,7.5,0.05,0.17,0.1,18.2,153,56,154,224.0,0,0,0,100
18:10:49,6,2,4,7.5,0.05,0.17,0.1,18.4,153,56,154,224.0,0,0,0,100
18:10:50,6,2,4,7.5,0.05,0.17,0.1,18.3,153,56,154,224.0,0,0,0,100
18:10:50,6,2,4,7.5,0.05,0.17,0.1,18.3,153,56,154,224.0,0,4,1,100
18:10:50,6,2,4,7.5,0.05,0.17,0.1,18.4,153,56,154,224.0,0,4,1,100
18:10:50,6,2,4,7.5,0.05,0.17,0.1,18.5,153,56,154,224.0,0,4,1,100
18:10:50,6,2,4,7.5,0.05,0.17,0.1,18.5,153,56,154,224.0,0,4,1,100
18:10:50,6,2,4,7.5,0.05,0.17,0.1,18.3,153,56,154,224.0,0,4,1,100
18:10:50,4,3,7,8.6,0.04,0.1,0.07,18.3,112,75,175,221.0,0,4,1,100
18:10:50,4,3,7,8.6,0.04,0.1,0.07,18.1,112,75,175,221.0,0,4,1,100
18:10:50,4,3,7,8.6,0.04,0.1,0.07,18.4,112,75,175,221.0,0,4,1,100
18:10:50,4,3,7,8.6,0.04,0.1,0.07,18.5,112,75,175,221.0,0,4,1,100
18:10:51,4,3,7,8.6,0.04,0.1,0.07,18.4,112,75,175,221.0,0,4,1,100
18:10:51,4,3,7,8.6,0.04,0.1,0.07,18.3,112,75,175,221.0,2,0,0,100
18:10:51,4,3,7,8.6,0.04,0.1,0.07,18.4,112,75,175,221.0,2,0,0,100
18:10:51,4,3,7,8.6,0.04,0.1,0.07,18.2,112,75,175,221.0,2,0,0,100
18:10:51,4,3,7,8.6,0.04,0.1,0.07,18.3,112,75,175,221.0,2,0,0,100
18:10:51,4,3,7,8.6,0.04,0.1,0.07,18.5,112,75,175,221.0,2,0,0,100
18:10:51,8,4,7,11.4,0.11,0.24,0.03,18.4,238,131,167,319.0,2,0,0,100
18:10:51,8,4,7,11.4,0.11,0.24,0.03,18.4,238,131,167,319.0,2,0,0,100
18:10:51,8,4,7,11.4,0.11,0.24,0.03,18.3,238,131,167,319.0,2,0,0,100
18:10:51,8,4,7,11.4,0.11,0.24,0.03,18.3,238,131,167,319.0,2,0,0,100
18:10:52,8,4,7,11.4,0.11,0.24,0.03,18.2,238,131,167,319.0,2,0,0,100
18:10:52,8,4,7,11.4,0.11,0.24,0.03,18.0,238,131,167,319.0,0,0,1,100
18:10:52,8,4,7,11.4,0.11,0.24,0.03,18.2,238,131,167,319.0,0,0,1,100
18:10:52,8,4,7,11.4,0.11,0.24,0.03,18.3,238,131,167,319.0,0,0,1,100
18:10:52,8,4,7,11.4,0.11,0.24,0.03,18.1,238,131,167,319.0,0,0,1,100
18:10:52,8,4,7,11.4,0.11,0.24,0.03,18.5,238,131,167,319.0,0,0,1,100
18:10:52,9,6,7,12.9,0.07,0.2,0.06,18.4,267,140,185,354.0,0,0,1,100
18:10:52,9,6,7,12.9,0.07,0.2,0.06,18.4,267,140,185,354.0,0,0,1,100
18:10:52,9,6,7,12.9,0.07,0.2,0.06,18.4,267,140,185,354.0,0,0,1,100
18:10:52,9,6,7,12.9,0.07,0.2,0.06,18.2,267,140,185,354.0,0,0,1,100
18:10:53,9,6,7,12.9,0.07,0.2,0.06,18.3,267,140,185,354.0,0,0,1,100
18:10:53,9,6,7,12.9,0.07,0.2,0.06,18.2,267,140,185,354.0,0,0,0,100
18:10:53,9,6,7,12.9,0.07,0.2,0.06,18.3,267,140,185,354.0,0,0,0,100
18:10:53,9,6,7,12.9,0.07,0.2,0.06,18.3,267,140,185,354.0,0,0,0,100
18:10:53,9,6,7,12.9,0.07,0.2,0.06,18.2,267,140,185,354.0,0,0,0,100
18:10:53,9,6,7,12.9,0.07,0.2,0.06,18.4,267,140,185,354.0,0,0,0,100
18:10:53,5,4,8,10.2,0.04,0.14,0.06,18.4,127,129,236,297.0,0,0,0,100
18:10:53,5,4,8,10.2,0.04,0.14,0.06,18.4,127,129,236,297.0,0,0,0,100
18:10:53,5,4,8,10.2,0.04,0.14,0.06,18.4,127,129,236,297.0,0,0,0,100
18:10:53,5,4,8,10.2,0.04,0.14,0.06,18.4,127,129,236,297.0,0,0,0,100
18:10:54,5,4,8,10.2,0.04,0.14,0.06,18.2,127,129,236,297.0,0,0,0,100
18:10:54,5,4,8,10.2,0.04,0.14,0.06,18.4,127,129,236,297.0,1,0,0,100
18:10:54,5,4,8,10.2,0.04,0.14,0.06,18.2,127,129,236,297.0,1,0,0,100
18:10:54,5,4,8,10.2,0.04,0.14,0.06,18.2,127,129,236,297.0,1,0,0,100
18:10:54,5,4,8,10.2,0.04,0.14,0.06,18.3,127,129,236,297.0,1,0,0,100
18:10:54,5,4,8,10.2,0.04,0.14,0.06,18.2,127,129,236,297.0,1,0,0,100
18:10:54,8,4,7,11.4,0.08,0.18,0.08,18.4,211,123,210,322.0,1,0,0,100
18:10:54,8,4,7,11.4,0.08,0.18,0.08,18.4,211,123,210,322.0,1,0,0,100
18:10:54,8,4,7,11.4,0.08,0.18,0.08,18.2,211,123,210,322.0,1,0,0,100
18:10:54,8,4,7,11.4,0.08,0.18,0.08,18.1,211,123,210,322.0,1,0,0,100
18:10:55,8,4,7,11.4,0.08,0.18,0.08,18.4,211,123,210,322.0,1,0,0,100
18:10:55,8,4,7,11.4,0.08,0.18,0.08,18.3,211,123,210,322.0,0,0,1,100
18:10:55,8,4,7,11.4,0.08,0.18,0.08,18.2,211,123,210,322.0,0,0,1,100
18:10:55,8,4,7,11.4,0.08,0.18,0.08,18.4,211,123,210,322.0,0,0,1,100
18:10:55,8,4,7,11.4,0.08,0.18,0.08,18.4,211,123,210,322.0,0,0,1,100
18:10:55,8,4,7,11.4,0.08,0.18,0.08,18.4,211,123,210,322.0,0,0,1,100
18:10:55,7,5,6,10.5,0.11,0.2,0.04,18.3,223,110,175,304.0,0,0,1,100
18:10:55,7,5,6,10.5,0.11,0.2,0.04,18.2,223,110,175,304.0,0,0,1,100
18:10:55,7,5,6,10.5,0.11,0.2,0.04,18.2,223,110,175,304.0,0,0,1,100
18:10:55,7,5,6,10.5,0.11,0.2,0.04,18.4,223,110,175,304.0,0,0,1,100
18:10:56,7,5,6,10.5,0.11,0.2,0.04,18.4,223,110,175,304.0,0,0,1,100
18:10:56,7,5,6,10.5,0.11,0.2,0.04,18.2,223,110,175,304.0,1,0,0,100
18:10:56,7,5,6,10.5,0.11,0.2,0.04,18.4,223,110,175,304.0,1,0,0,100
18:10:56,7,5,6,10.5,0.11,0.2,0.04,18.1,223,110,175,304.0,1,0,0,100
18:10:56,7,5,6,10.5,0.11,0.2,0.04,18.3,223,110,175,304.0,1,0,0,100
18:10:56,7,5,6,10.5,0.11,0.2,0.04,18.3,223,110,175,304.0,1,0,0,100
18:10:56,4,2,6,7.5,0.07,0.11,0.05,18.3,116,58,165,210.0,1,0,0,100
18:10:56,4,2,6,7.5,0.07,0.11,0.05,18.2,116,58,165,210.0,1,0,0,100
18:10:56,4,2,6,7.5,0.07,0.11,0.05,18.4,116,58,165,210.0,1,0,0,100
18:10:56,4,2,6,7.5,0.07,0.11,0.05,18.2,116,58,165,210.0,1,0,0,100
18:10:57,4,2,6,7.5,0.07,0.11,0.05,18.2,116,58,165,210.0,1,0,0,100
18:10:57,4,2,6,7.5,0.07,0.11,0.05,18.2,116,58,165,210.0,0,2,1,100
18:10:57,4,2,6,7.5,0.07,0.11,0.05,18.4,116,58,165,210.0,0,2,1,100
18:10:57,4,2,6,7.5,0.07,0.11,0.05,18.6,116,58,165,210.0,0,2,1,100
18:10:57,4,2,6,7.5,0.07,0.11,0.05,18.3,116,58,165,210.0,0,2,1,100
18:10:57,4,2,6,7.5,0.07,0.11,0.05,18.2,116,58,165,210.0,0,2,1,100
18:10:57,5,1,3,5.9,0.03,0.16,0.09,18.4,148,45,101,185.0,0,2,1,100
18:10:57,5,1,3,5.9,0.03,0.16,0.09,18.4,148,45,101,185.0,0,2,1,100
18:10:57,5,1,3,5.9,0.03,0.16,0.09,18.3,148,45,101,185.0,0,2,1,100
18:10:57,5,1,3,5.9,0.03,0.16,0.09,18.1,148,45,101,185.0,0,2,1,100
18:10:58,5,1,3,5.9,0.03,0.16,0.09,18.2,148,45,101,185.0,0,2,1,100
18:10:58,5,1,3,5.9,0.03,0.16,0.09,18.5,148,45,101,185.0,0,0,0,100
18:10:58,5,1,3,5.9,0.03,0.16,0.09,18.3,148,45,101,185.0,0,0,0,100
18:10:58,5,1,3,5.9,0.03,0.16,0.09,18.5,148,45,101,185.0,0,0,0,100
18:10:58,5,1,3,5.9,0.03,0.16,0.09,18.3,148,45,101,185.0,0,0,0,100
18:10:58,5,1,3,5.9,0.03,0.16,0.09,18.5,148,45,101,185.0,0,0,0,100
18:10:58,6,5,11,13.5,0.09,0.13,0.08,18.2,112,97,204,252.0,0,0,0,100
18:10:58,6,5,11,13.5,0.09,0.13,0.08,18.4,112,97,204,252.0,0,0,0,100
18:10:58,6,5,11,13.5,0.09,0.13,0.08,18.2,112,97,204,252.0,0,0,0,100
18:10:58,6,5,11,13.5,0.09,0.13,0.08,18.4,112,97,204,252.0,0,0,0,100
18:10:59,6,5,11,13.5,0.09,0.13,0.08,18.4,112,97,204,252.0,0,0,0,100
18:10:59,6,5,11,13.5,0.09,0.13,0.08,18.4,112,97,204,252.0,1,0,0,100
18:10:59,6,5,11,13.5,0.09,0.13,0.08,18.5,112,97,204,252.0,1,0,0,100
18:10:59,6,5,11,13.5,0.09,0.13,0.08,18.4,112,97,204,252.0,1,0,0,100
18:10:59,6,5,11,13.5,0.09,0.13,0.08,18.2,112,97,204,252.0,1,0,0,100
18:10:59,6,5,11,13.5,0.09,0.13,0.08,18.2,112,97,204,252.0,1,0,0,100
18:10:59,7,4,6,10.0,0.08,0.15,0.03,18.2,227,131,166,310.0,1,0,0,100
18:10:59,7,4,6,10.0,0.08,0.15,0.03,18.2,227,131,166,310.0,1,0,0,100
18:10:59,7,4,6,10.0,0.08,0.15,0.03,18.4,227,131,166,310.0,1,0,0,100
18:11:00,7,4,6,10.0,0.08,0.15,0.03,18.4,227,131,166,310.0,1,0,0,100
18:11:00,7,4,6,10.0,0.08,0.15,0.03,18.3,227,131,166,310.0,1,0,0,100
18:11:00,7,4,6,10.0,0.08,0.15,0.03,18.2,227,131,166,310.0,0,0,1,100
18:11:00,7,4,6,10.0,0.08,0.15,0.03,18.2,227,131,166,310.0,0,0,1,100
18:11:00,7,4,6,10.0,0.08,0.15,0.03,18.2,227,131,166,310.0,0,0,1,100
18:11:00,7,4,6,10.0,0.08,0.15,0.03,18.2,227,131,166,310.0,0,0,1,100
18:11:00,7,4,6,10.0,0.08,0.15,0.03,18.2,227,131,166,310.0,0,0,1,100
18:11:00,8,5,6,11.2,0.09,0.15,0.07,18.4,226,147,190,330.0,0,0,1,100
18:11:00,8,5,6,11.2,0.09,0.15,0.07,18.2,226,147,190,330.0,0,0,1,100
18:11:00,8,5,6,11.2,0.09,0.15,0.07,18.3,226,147,190,330.0,0,0,1,100
18:11:01,8,5,6,11.2,0.09,0.15,0.07,18.2,226,147,190,330.0,0,0,1,100
18:11:01,8,5,6,11.2,0.09,0.15,0.07,18.3,226,147,190,330.0,0,0,1,100
18:11:01,8,5,6,11.2,0.09,0.15,0.07,18.3,226,147,190,330.0,3,0,0,100
18:11:01,8,5,6,11.2,0.09,0.15,0.07,18.3,226,147,190,330.0,3,0,0,100
18:11:01,8,5,6,11.2,0.09,0.15,0.07,18.2,226,147,190,330.0,3,0,0,100
18:11:01,8,5,6,11.2,0.09,0.15,0.07,18.2,226,147,190,330.0,3,0,0,100
18:11:01,8,5,6,11.2,0.09,0.15,0.07,18.4,226,147,190,330.0,3,0,0,100
18:11:01,8,6,9,13.5,0.05,0.4,0.12,18.2,119,149,251,315.0,3,0,0,100
18:11:01,8,6,9,13.5,0.05,0.4,0.12,18.3,119,149,251,315.0,3,0,0,100
18:11:01,8,6,9,13.5,0.05,0.4,0.12,18.2,119,149,251,315.0,3,0,0,100
18:11:02,8,6,9,13.5,0.05,0.4,0.12,18.0,119,149,251,315.0,3,0,0,100
18:11:02,8,6,9,13.5,0.05,0.4,0.12,18.2,119,149,251,315.0,3,0,0,100
18:11:02,8,6,9,13.5,0.05,0.4,0.12,18.3,119,149,251,315.0,0,0,0,100
18:11:02,8,6,9,13.5,0.05,0.4,0.12,18.2,119,149,251,315.0,0,0,0,100
18:11:02,8,6,9,13.5,0.05,0.4,0.12,18.3,119,149,251,315.0,0,0,0,100
18:11:02,8,6,9,13.5,0.05,0.4,0.12,18.4,119,149,251,315.0,0,0,0,100
18:11:02,8,6,9,13.5,0.05,0.4,0.12,18.2,119,149,251,315.0,0,0,0,100
18:11:02,7,4,7,10.7,0.04,0.2,0.06,18.1,222,124,199,323.0,0,0,0,100
18:11:02,7,4,7,10.7,0.04,0.2,0.06,18.4,222,124,199,323.0,0,0,0,100
18:11:02,7,4,7,10.7,0.04,0.2,0.06,18.2,222,124,199,323.0,0,0,0,100
18:11:03,7,4,7,10.7,0.04,0.2,0.06,18.2,222,124,199,323.0,0,0,0,100
18:11:03,7,4,7,10.7,0.04,0.2,0.06,18.2,222,124,199,323.0,0,0,0,100
18:11:03,7,4,7,10.7,0.04,0.2,0.06,18.3,222,124,199,323.0,0,0,0,100
18:11:03,7,4,7,10.7,0.04,0.2,0.06,18.4,222,124,199,323.0,0,0,0,100
18:11:03,7,4,7,10.7,0.04,0.2,0.06,18.4,222,124,199,323.0,0,0,0,100
18:11:03,7,4,7,10.7,0.04,0.2,0.06,18.3,222,124,199,323.0,0,0,0,100
18:11:03,7,4,7,10.7,0.04,0.2,0.06,18.3,222,124,199,323.0,0,0,0,100
18:11:03,7,2,5,8.8,0.05,0.14,0.03,18.3,198,81,132,251.0,0,0,0,100
18:11:03,7,2,5,8.8,0.05,0.14,0.03,18.4,198,81,132,251.0,0,0,0,100
18:11:03,7,2,5,8.8,0.05,0.14,0.03,18.4,198,81,132,251.0,0,0,0,100
18:11:04,7,2,5,8.8,0.05,0.14,0.03,18.2,198,81,132,251.0,0,0,0,100
18:11:04,7,2,5,8.8,0.05,0.14,0.03,18.3,198,81,132,251.0,0,0,0,100
18:11:04,7,2,5,8.8,0.05,0.14,0.03,18.2,198,81,132,251.0,0,1,0,100
18:11:04,7,2,5,8.8,0.05,0.14,0.03,18.2,198,81,132,251.0,0,1,0,100
18:11:04,7,2,5,8.8,0.05,0.14,0.03,18.5,198,81,132,251.0,0,1,0,100
18:11:04,7,2,5,8.8,0.05,0.14,0.03,18.2,198,81,132,251.0,0,1,0,100
18:11:04,7,2,5,8.8,0.05,0.14,0.03,18.2,198,81,132,251.0,0,1,0,100
18:11:04,5,1,5,7.1,0.09,0.17,0.07,18.2,143,33,152,211.0,0,1,0,100
18:11:04,5,1,5,7.1,0.09,0.17,0.07,18.3,143,33,152,211.0,0,1,0,100
18:11:04,5,1,5,7.1,0.09,0.17,0.07,18.2,143,33,152,211.0,0,1,0,100
18:11:05,5,1,5,7.1,0.09,0.17,0.07,18.4,143,33,152,211.0,0,1,0,100
18:11:05,5,1,5,7.1,0.09,0.17,0.07,18.4,143,33,152,211.0,0,1,0,100
18:11:05,5,1,5,7.1,0.09,0.17,0.07,18.4,143,33,152,211.0,0,1,1,100
18:11:05,5,1,5,7.1,0.09,0.17,0.07,18.1,143,33,152,211.0,0,1,1,100
18:11:05,5,1,5,7.1,0.09,0.17,0.07,18.4,143,33,152,211.0,0,1,1,100
18:11:05,5,1,5,7.1,0.09,0.17,0.07,18.4,143,33,152,211.0,0,1,1,100
18:11:05,5,1,5,7.1,0.09,0.17,0.07,18.3,143,33,152,211.0,0,1,1,100
18:11:05,5,2,4,6.7,0.04,0.14,0.05,18.2,157,80,139,224.0,0,1,1,100
18:11:05,5,2,4,6.7,0.04,0.14,0.05,18.2,157,80,139,224.0,0,1,1,100
18:11:05,5,2,4,6.7,0.04,0.14,0.05,18.2,157,80,139,224.0,0,1,1,100
18:11:06,5,2,4,6.7,0.04,0.14,0.05,18.5,157,80,139,224.0,0,1,1,100
18:11:06,5,2,4,6.7,0.04,0.14,0.05,18.4,157,80,139,224.0,0,1,1,100
18:11:06,5,2,4,6.7,0.04,0.14,0.05,18.4,157,80,139,224.0,1,0,0,100
18:11:06,5,2,4,6.7,0.04,0.14,0.05,18.2,157,80,139,224.0,1,0,0,100
18:11:06,5,2,4,6.7,0.04,0.14,0.05,18.0,157,80,139,224.0,1,0,0,100
18:11:06,5,2,4,6.7,0.04,0.14,0.05,18.2,157,80,139,224.0,1,0,0,100
18:11:06,5,2,4,6.7,0.04,0.14,0.05,18.4,157,80,139,224.0,1,0,0,100
18:11:06,4,6,7,10.0,0.05,0.17,0.06,18.2,115,140,219,284.0,1,0,0,100
18:11:06,4,6,7,10.0,0.05,0.17,0.06,18.2,115,140,219,284.0,1,0,0,100
18:11:06,4,6,7,10.0,0.05,0.17,0.06,18.3,115,140,219,284.0,1,0,0,100
18:11:07,4,6,7,10.0,0.05,0.17,0.06,18.2,115,140,219,284.0,1,0,0,100
18:11:07,4,6,7,10.0,0.05,0.17,0.06,18.2,115,140,219,284.0,1,0,0,100
18:11:07,4,6,7,10.0,0.05,0.17,0.06,18.3,115,140,219,284.0,2,0,0,100
18:11:07,4,6,7,10.0,0.05,0.17,0.06,18.4,115,140,219,284.0,2,0,0,100
18:11:07,4,6,7,10.0,0.05,0.17,0.06,18.4,115,140,219,284.0,2,0,0,100
18:11:07,4,6,7,10.0,0.05,0.17,0.06,18.2,115,140,219,284.0,2,0,0,100
18:11:07,4,6,7,10.0,0.05,0.17,0.06,18.2,115,140,219,284.0,2,0,0,100
18:11:07,9,8,8,14.5,0.04,0.2,0.03,18.3,254,152,191,352.0,2,0,0,100
18:11:07,9,8,8,14.5,0.04,0.2,0.03,18.4,254,152,191,352.0,2,0,0,100
18:11:07,9,8,8,14.5,0.04,0.2,0.03,18.3,254,152,191,352.0,2,0,0,100
18:11:08,9,8,8,14.5,0.04,0.2,0.03,18.3,254,152,191,352.0,2,0,0,100
18:11:08,9,8,8,14.5,0.04,0.2,0.03,18.2,254,152,191,352.0,2,0,0,100
18:11:08,9,8,8,14.5,0.04,0.2,0.03,18.2,254,152,191,352.0,0,0,0,100
18:11:08,9,8,8,14.5,0.04,0.2,0.03,18.3,254,152,191,352.0,0,0,0,100
18:11:08,9,8,8,14.5,0.04,0.2,0.03,18.2,254,152,191,352.0,0,0,0,100
18:11:08,9,8,8,14.5,0.04,0.2,0.03,18.3,254,152,191,352.0,0,0,0,100
18:11:08,9,8,8,14.5,0.04,0.2,0.03,18.2,254,152,191,352.0,0,0,0,100
18:11:08,10,6,7,13.6,0.09,0.35,0.06,18.4,260,158,203,366.0,0,0,0,100
18:11:08,10,6,7,13.6,0.09,0.35,0.06,18.2,260,158,203,366.0,0,0,0,100
18:11:08,10,6,7,13.6,0.09,0.35,0.06,18.2,260,158,203,366.0,0,0,0,100
18:11:09,10,6,7,13.6,0.09,0.35,0.06,18.1,260,158,203,366.0,0,0,0,100
18:11:09,10,6,7,13.6,0.09,0.35,0.06,18.4,260,158,203,366.0,0,0,0,100
18:11:09,10,6,7,13.6,0.09,0.35,0.06,18.2,260,158,203,366.0,1,0,0,100
18:11:09,10,6,7,13.6,0.09,0.35,0.06,18.3,260,158,203,366.0,1,0,0,100
18:11:09,10,6,7,13.6,0.09,0.35,0.06,18.4,260,158,203,366.0,1,0,0,100
18:11:09,10,6,7,13.6,0.09,0.35,0.06,18.2,260,158,203,366.0,1,0,0,100
18:11:09,10,6,7,13.6,0.09,0.35,0.06,18.2,260,158,203,366.0,1,0,0,100
18:11:09,6,5,12,14.3,0.04,0.18,0.05,18.2,113,131,218,278.0,1,0,0,100
18:11:09,6,5,12,14.3,0.04,0.18,0.05,18.4,113,131,218,278.0,1,0,0,100
18:11:09,6,5,12,14.3,0.04,0.18,0.05,18.2,113,131,218,278.0,1,0,0,100
18:11:10,6,5,12,14.3,0.04,0.18,0.05,18.3,113,131,218,278.0,1,0,0,100
18:11:10,6,5,12,14.3,0.04,0.18,0.05,18.4,113,131,218,278.0,1,0,0,100
18:11:10,6,5,12,14.3,0.04,0.18,0.05,18.2,113,131,218,278.0,0,0,0,100
18:11:10,6,5,12,14.3,0.04,0.18,0.05,18.2,113,131,218,278.0,0,0,0,100
18:11:10,6,5,12,14.3,0.04,0.18,0.05,18.4,113,131,218,278.0,0,0,0,100
18:11:10,6,5,12,14.3,0.04,0.18,0.05,18.0,113,131,218,278.0,0,0,0,100
18:11:10,6,5,12,14.3,0.04,0.18,0.05,18.3,113,131,218,278.0,0,0,0,100
18:11:10,6,3,7,9.7,0.05,0.13,0.09,18.3,180,94,161,259.0,0,0,0,100
18:11:10,6,3,7,9.7,0.05,0.13,0.09,18.3,180,94,161,259.0,0,0,0,100
18:11:10,6,3,7,9.7,0.05,0.13,0.09,18.2,180,94,161,259.0,0,0,0,100
18:11:11,6,3,7,9.7,0.05,0.13,0.09,18.3,180,94,161,259.0,0,0,0,100
18:11:11,6,3,7,9.7,0.05,0.13,0.09,18.3,180,94,161,259.0,0,0,0,100
18:11:11,6,3,7,9.7,0.05,0.13,0.09,18.4,180,94,161,259.0,0,0,1,100
18:11:11,6,3,7,9.7,0.05,0.13,0.09,18.4,180,94,161,259.0,0,0,1,100
18:11:11,6,3,7,9.7,0.05,0.13,0.09,18.2,180,94,161,259.0,0,0,1,100
18:11:11,6,3,7,9.7,0.05,0.13,0.09,18.4,180,94,161,259.0,0,0,1,100
18:11:11,6,3,7,9.7,0.05,0.13,0.09,18.2,180,94,161,259.0,0,0,1,100
18:11:11,4,1,4,5.7,0.07,0.15,0.04,18.4,141,42,133,198.0,0,0,1,100
18:11:11,4,1,4,5.7,0.07,0.15,0.04,18.3,141,42,133,198.0,0,0,1,100
18:11:11,4,1,4,5.7,0.07,0.15,0.04,18.2,141,42,133,198.0,0,0,1,100
18:11:12,4,1,4,5.7,0.07,0.15,0.04,18.4,141,42,133,198.0,0,0,1,100
18:11:12,4,1,4,5.7,0.07,0.15,0.04,18.4,141,42,133,198.0,0,0,1,100
18:11:12,4,1,4,5.7,0.07,0.15,0.04,18.3,141,42,133,198.0,2,2,0,100
18:11:12,4,1,4,5.7,0.07,0.15,0.04,18.4,141,42,133,198.0,2,2,0,100
18:11:12,4,1,4,5.7,0.07,0.15,0.04,18.1,141,42,133,198.0,2,2,0,100
18:11:12,4,1,4,5.7,0.07,0.15,0.04,18.1,141,42,133,198.0,2,2,0,100
18:11:12,4,1,4,5.7,0.07,0.15,0.04,18.3,141,42,133,198.0,2,2,0,100
18:11:12,5,2,5,7.3,0.11,0.12,0.05,18.4,155,58,147,221.0,2,2,0,100
18:11:12,5,2,5,7.3,0.11,0.12,0.05,18.2,155,58,147,221.0,2,2,0,100
18:11:12,5,2,5,7.3,0.11,0.12,0.05,18.4,155,58,147,221.0,2,2,0,100
18:11:13,5,2,5,7.3,0.11,0.12,0.05,18.5,155,58,147,221.0,2,2,0,100
18:11:13,5,2,5,7.3,0.11,0.12,0.05,18.2,155,58,147,221.0,2,2,0,100
18:11:13,5,2,5,7.3,0.11,0.12,0.05,18.1,155,58,147,221.0,0,0,1,100
18:11:13,5,2,5,7.3,0.11,0.12,0.05,18.2,155,58,147,221.0,0,0,1,100
18:11:13,5,2,5,7.3,0.11,0.12,0.05,18.2,155,58,147,221.0,0,0,1,100
18:11:13,5,2,5,7.3,0.11,0.12,0.05,18.3,155,58,147,221.0,0,0,1,100
18:11:13,5,2,5,7.3,0.11,0.12,0.05,18.4,155,58,147,221.0,0,0,1,100
18:11:13,6,4,7,10.0,0.04,0.12,0.04,18.4,181,106,200,290.0,0,0,1,100
18:11:13,6,4,7,10.0,0.04,0.12,0.04,18.3,181,106,200,290.0,0,0,1,100
18:11:13,6,4,7,10.0,0.04,0.12,0.04,18.2,181,106,200,290.0,0,0,1,100
18:11:14,6,4,7,10.0,0.04,0.12,0.04,18.2,181,106,200,290.0,0,0,1,100
18:11:14,6,4,7,10.0,0.04,0.12,0.04,18.4,181,106,200,290.0,0,0,1,100
18:11:14,6,4,7,10.0,0.04,0.12,0.04,18.2,181,106,200,290.0,0,0,0,100
18:11:14,6,4,7,10.0,0.04,0.12,0.04,18.2,181,106,200,290.0,0,0,0,100
18:11:14,6,4,7,10.0,0.04,0.12,0.04,18.5,181,106,200,290.0,0,0,0,100
18:11:14,6,4,7,10.0,0.04,0.12,0.04,18.2,181,106,200,290.0,0,0,0,100
18:11:14,6,4,7,10.0,0.04,0.12,0.04,18.2,181,106,200,290.0,0,0,0,100
18:11:14,6,5,9,11.9,0.09,0.12,0.08,18.4,173,148,225,320.0,0,0,0,100
18:11:14,6,5,9,11.9,0.09,0.12,0.08,18.4,173,148,225,320.0,0,0,0,100
18:11:14,6,5,9,11.9,0.09,0.12,0.08,18.2,173,148,225,320.0,0,0,0,100
18:11:15,6,5,9,11.9,0.09,0.12,0.08,18.2,173,148,225,320.0,0,0,0,100
18:11:15,6,5,9,11.9,0.09,0.12,0.08,18.4,173,148,225,320.0,0,0,0,100
18:11:15,6,5,9,11.9,0.09,0.12,0.08,18.2,173,148,225,320.0,0,0,0,100
18:11:15,6,5,9,11.9,0.09,0.12,0.08,18.3,173,148,225,320.0,0,0,0,100
18:11:15,6,5,9,11.9,0.09,0.12,0.08,18.3,173,148,225,320.0,0,0,0,100
18:11:15,6,5,9,11.9,0.09,0.12,0.08,18.4,173,148,225,320.0,0,0,0,100
18:11:15,6,5,9,11.9,0.09,0.12,0.08,18.4,173,148,225,320.0,0,0,0,100
18:11:15,12,5,6,14.3,0.08,0.14,0.07,18.2,252,141,171,336.0,0,0,0,100
18:11:15,12,5,6,14.3,0.08,0.14,0.07,18.1,252,141,171,336.0,0,0,0,100
18:11:15,12,5,6,14.3,0.08,0.14,0.07,18.2,252,141,171,336.0,0,0,0,100
18:11:16,12,5,6,14.3,0.08,0.14,0.07,18.2,252,141,171,336.0,0,0,0,100
18:11:16,12,5,6,14.3,0.08,0.14,0.07,18.4,252,141,171,336.0,0,0,0,100
18:11:16,12,5,6,14.3,0.08,0.14,0.07,18.2,252,141,171,336.0,0,0,3,100
18:11:16,12,5,6,14.3,0.08,0.14,0.07,18.2,252,141,171,336.0,0,0,3,100
18:11:16,12,5,6,14.3,0.08,0.14,0.07,18.4,252,141,171,336.0,0,0,3,100
18:11:16,12,5,6,14.3,0.08,0.14,0.07,18.2,252,141,171,336.0,0,0,3,100
18:11:16,12,5,6,14.3,0.08,0.14,0.07,18.3,252,141,171,336.0,0,0,3,100
18:11:16,8,4,8,12.0,0.1,0.19,0.1,18.2,219,140,219,340.0,0,0,3,100
18:11:16,8,4,8,12.0,0.1,0.19,0.1,18.3,219,140,219,340.0,0,0,3,100
18:11:17,8,4,8,12.0,0.1,0.19,0.1,18.3,219,140,219,340.0,0,0,3,100
18:11:17,8,4,8,12.0,0.1,0.19,0.1,18.3,219,140,219,340.0,0,0,3,100
18:11:17,8,4,8,12.0,0.1,0.19,0.1,18.3,219,140,219,340.0,0,0,3,100
18:11:17,8,4,8,12.0,0.1,0.19,0.1,18.2,219,140,219,340.0,3,0,0,100
18:11:17,8,4,8,12.0,0.1,0.19,0.1,18.3,219,140,219,340.0,3,0,0,100
18:11:17,8,4,8,12.0,0.1,0.19,0.1,18.4,219,140,219,340.0,3,0,0,100
18:11:17,8,4,8,12.0,0.1,0.19,0.1,18.2,219,140,219,340.0,3,0,0,100
18:11:17,8,4,8,12.0,0.1,0.19,0.1,18.3,219,140,219,340.0,3,0,0,100
18:11:17,5,4,9,11.0,0.07,0.19,0.12,18.2,148,121,237,304.0,3,0,0,100
18:11:17,5,4,9,11.0,0.07,0.19,0.12,18.4,148,121,237,304.0,3,0,0,100
18:11:18,5,4,9,11.0,0.07,0.19,0.12,18.2,148,121,237,304.0,3,0,0,100
18:11:18,5,4,9,11.0,0.07,0.19,0.12,18.3,148,121,237,304.0,3,0,0,100
18:11:18,5,4,9,11.0,0.07,0.19,0.12,18.2,148,121,237,304.0,3,0,0,100
18:11:18,5,4,9,11.0,0.07,0.19,0.12,18.2,148,121,237,304.0,0,0,0,100
18:11:18,5,4,9,11.0,0.07,0.19,0.12,18.2,148,121,237,304.0,0,0,0,100
18:11:18,5,4,9,11.0,0.07,0.19,0.12,18.3,148,121,237,304.0,0,0,0,100
18:11:18,5,4,9,11.0,0.07,0.19,0.12,18.2,148,121,237,304.0,0,0,0,100
18:11:18,5,4,9,11.0,0.07,0.19,0.12,18.4,148,121,237,304.0,0,0,0,100
18:11:18,6,2,4,7.5,0.08,0.13,0.08,18.4,178,59,98,212.0,0,0,0,100
18:11:18,6,2,4,7.5,0.08,0.13,0.08,18.2,178,59,98,212.0,0,0,0,100
18:11:19,6,2,4,7.5,0.08,0.13,0.08,18.2,178,59,98,212.0,0,0,0,100
18:11:19,6,2,4,7.5,0.08,0.13,0.08,18.4,178,59,98,212.0,0,0,0,100
18:11:19,6,2,4,7.5,0.08,0.13,0.08,18.2,178,59,98,212.0,0,0,0,100
18:11:19,6,2,4,7.5,0.08,0.13,0.08,18.1,178,59,98,212.0,1,3,1,100
18:11:19,6,2,4,7.5,0.08,0.13,0.08,18.1,178,59,98,212.0,1,3,1,100
18:11:19,6,2,4,7.5,0.08,0.13,0.08,18.4,178,59,98,212.0,1,3,1,100
18:11:19,6,2,4,7.5,0.08,0.13,0.08,18.3,178,59,98,212.0,1,3,1,100
18:11:19,6,2,4,7.5,0.08,0.13,0.08,18.4,178,59,98,212.0,1,3,1,100
18:11:19,6,4,6,9.4,0.09,0.27,0.08,18.2,125,59,178,225.0,1,3,1,100
18:11:19,6,4,6,9.4,0.09,0.27,0.08,18.1,125,59,178,225.0,1,3,1,100
18:11:20,6,4,6,9.4,0.09,0.27,0.08,18.2,125,59,178,225.0,1,3,1,100
18:11:20,6,4,6,9.4,0.09,0.27,0.08,18.1,125,59,178,225.0,1,3,1,100
18:11:20,6,4,6,9.4,0.09,0.27,0.08,18.3,125,59,178,225.0,1,3,1,100
18:11:20,6,4,6,9.4,0.09,0.27,0.08,18.2,125,59,178,225.0,1,0,0,100
18:11:20,6,4,6,9.4,0.09,0.27,0.08,18.3,125,59,178,225.0,1,0,0,100
18:11:20,6,4,6,9.4,0.09,0.27,0.08,18.2,125,59,178,225.0,1,0,0,100
18:11:20,6,4,6,9.4,0.09,0.27,0.08,18.2,125,59,178,225.0,1,0,0,100
18:11:20,6,4,6,9.4,0.09,0.27,0.08,18.3,125,59,178,225.0,1,0,0,100
18:11:20,7,3,5,9.1,0.07,0.23,0.04,18.2,178,84,135,239.0,1,0,0,100
18:11:20,7,3,5,9.1,0.07,0.23,0.04,18.2,178,84,135,239.0,1,0,0,100
18:11:21,7,3,5,9.1,0.07,0.23,0.04,18.4,178,84,135,239.0,1,0,0,100
18:11:21,7,3,5,9.1,0.07,0.23,0.04,18.4,178,84,135,239.0,1,0,0,100
18:11:21,7,3,5,9.1,0.07,0.23,0.04,18.3,178,84,135,239.0,1,0,0,100
18:11:21,7,3,5,9.1,0.07,0.23,0.04,18.4,178,84,135,239.0,0,0,2,100
18:11:21,7,3,5,9.1,0.07,0.23,0.04,18.4,178,84,135,239.0,0,0,2,100
18:11:21,7,3,5,9.1,0.07,0.23,0.04,18.2,178,84,135,239.0,0,0,2,100
18:11:21,7,3,5,9.1,0.07,0.23,0.04,18.0,178,84,135,239.0,0,0,2,100
18:11:21,7,3,5,9.1,0.07,0.23,0.04,18.2,178,84,135,239.0,0,0,2,100
18:11:21,7,5,8,11.7,0.04,0.18,0.08,18.2,204,134,233,337.0,0,0,2,100
18:11:21,7,5,8,11.7,0.04,0.18,0.08,18.1,204,134,233,337.0,0,0,2,100
18:11:22,7,5,8,11.7,0.04,0.18,0.08,17.9,204,134,233,337.0,0,0,2,100
18:11:22,7,5,8,11.7,0.04,0.18,0.08,18.4,204,134,233,337.0,0,0,2,100
18:11:22,7,5,8,11.7,0.04,0.18,0.08,18.2,204,134,233,337.0,0,0,2,100
18:11:22,7,5,8,11.7,0.04,0.18,0.08,18.4,204,134,233,337.0,3,0,0,100
18:11:22,7,5,8,11.7,0.04,0.18,0.08,18.4,204,134,233,337.0,3,0,0,100
18:11:22,7,5,8,11.7,0.04,0.18,0.08,18.4,204,134,233,337.0,3,0,0,100
18:11:22,7,5,8,11.7,0.04,0.18,0.08,18.3,204,134,233,337.0,3,0,0,100
18:11:22,7,5,8,11.7,0.04,0.18,0.08,18.4,204,134,233,337.0,3,0,0,100
18:11:22,5,7,8,11.7,0.04,0.2,0.09,18.4,161,157,243,331.0,3,0,0,100
18:11:22,5,7,8,11.7,0.04,0.2,0.09,18.2,161,157,243,331.0,3,0,0,100
18:11:23,5,7,8,11.7,0.04,0.2,0.09,18.2,161,157,243,331.0,3,0,0,100
18:11:23,5,7,8,11.7,0.04,0.2,0.09,18.4,161,157,243,331.0,3,0,0,100
18:11:23,5,7,8,11.7,0.04,0.2,0.09,18.3,161,157,243,331.0,3,0,0,100
18:11:23,5,7,8,11.7,0.04,0.2,0.09,18.4,161,157,243,331.0,0,0,0,100
18:11:23,5,7,8,11.7,0.04,0.2,0.09,18.3,161,157,243,331.0,0,0,0,100
18:11:23,5,7,8,11.7,0.04,0.2,0.09,18.2,161,157,243,331.0,0,0,0,100
18:11:23,5,7,8,11.7,0.04,0.2,0.09,18.3,161,157,243,331.0,0,0,0,100
18:11:23,5,7,8,11.7,0.04,0.2,0.09,18.2,161,157,243,331.0,0,0,0,100
18:11:23,12,7,6,15.1,0.08,0.15,0.06,18.2,265,160,165,351.0,0,0,0,100
18:11:23,12,7,6,15.1,0.08,0.15,0.06,18.1,265,160,165,351.0,0,0,0,100
18:11:24,12,7,6,15.1,0.08,0.15,0.06,18.0,265,160,165,351.0,0,0,0,100
18:11:24,12,7,6,15.1,0.08,0.15,0.06,18.0,265,160,165,351.0,0,0,0,100
18:11:24,12,7,6,15.1,0.08,0.15,0.06,18.2,265,160,165,351.0,0,0,0,100
18:11:24,12,7,6,15.1,0.08,0.15,0.06,18.2,265,160,165,351.0,0,0,0,100
18:11:24,12,7,6,15.1,0.08,0.15,0.06,18.2,265,160,165,351.0,0,0,0,100
18:11:24,12,7,6,15.1,0.08,0.15,0.06,18.2,265,160,165,351.0,0,0,0,100
18:11:24,12,7,6,15.1,0.08,0.15,0.06,18.2,265,160,165,351.0,0,0,0,100
18:11:24,12,7,6,15.1,0.08,0.15,0.06,18.4,265,160,165,351.0,0,0,0,100
18:11:24,8,5,7,11.7,0.11,0.16,0.05,18.2,246,143,186,340.0,0,0,0,100
18:11:24,8,5,7,11.7,0.11,0.16,0.05,18.2,246,143,186,340.0,0,0,0,100
18:11:25,8,5,7,11.7,0.11,0.16,0.05,18.4,246,143,186,340.0,0,0,0,100
18:11:25,8,5,7,11.7,0.11,0.16,0.05,18.2,246,143,186,340.0,0,0,0,100
18:11:25,8,5,7,11.7,0.11,0.16,0.05,18.2,246,143,186,340.0,0,0,0,100
18:11:25,8,5,7,11.7,0.11,0.16,0.05,18.2,246,143,186,340.0,1,0,0,100
18:11:25,8,5,7,11.7,0.11,0.16,0.05,18.3,246,143,186,340.0,1,0,0,100
18:11:25,8,5,7,11.7,0.11,0.16,0.05,18.2,246,143,186,340.0,1,0,0,100
18:11:25,8,5,7,11.7,0.11,0.16,0.05,18.2,246,143,186,340.0,1,0,0,100
18:11:25,8,5,7,11.7,0.11,0.16,0.05,18.2,246,143,186,340.0,1,0,0,100
18:11:25,4,2,6,7.5,0.07,0.11,0.09,18.2,124,83,182,235.0,1,0,0,100
18:11:25,4,2,6,7.5,0.07,0.11,0.09,17.9,124,83,182,235.0,1,0,0,100
18:11:26,4,2,6,7.5,0.07,0.11,0.09,18.3,124,83,182,235.0,1,0,0,100
18:11:26,4,2,6,7.5,0.07,0.11,0.09,18.4,124,83,182,235.0,1,0,0,100
18:11:26,4,2,6,7.5,0.07,0.11,0.09,18.4,124,83,182,235.0,1,0,0,100
18:11:26,4,2,6,7.5,0.07,0.11,0.09,18.4,124,83,182,235.0,0,0,1,100
18:11:26,4,2,6,7.5,0.07,0.11,0.09,18.4,124,83,182,235.0,0,0,1,100
18:11:26,4,2,6,7.5,0.07,0.11,0.09,18.4,124,83,182,235.0,0,0,1,100
18:11:26,4,2,6,7.5,0.07,0.11,0.09,18.3,124,83,182,235.0,0,0,1,100
18:11:26,4,2,6,7.5,0.07,0.11,0.09,18.3,124,83,182,235.0,0,0,1,100
18:11:26,4,1,4,5.7,0.03,0.09,0.05,18.3,134,26,124,184.0,0,0,1,100
18:11:27,4,1,4,5.7,0.03,0.09,0.05,18.4,134,26,124,184.0,0,0,1,100
18:11:27,4,1,4,5.7,0.03,0.09,0.05,18.4,134,26,124,184.0,0,0,1,100
18:11:27,4,1,4,5.7,0.03,0.09,0.05,18.2,134,26,124,184.0,0,0,1,100
18:11:27,4,1,4,5.7,0.03,0.09,0.05,18.4,134,26,124,184.0,0,0,1,100
18:11:27,4,1,4,5.7,0.03,0.09,0.05,18.4,134,26,124,184.0,2,2,0,100
18:11:27,4,1,4,5.7,0.03,0.09,0.05,18.2,134,26,124,184.0,2,2,0,100
18:11:27,4,1,4,5.7,0.03,0.09,0.05,18.2,134,26,124,184.0,2,2,0,100
18:11:27,4,1,4,5.7,0.03,0.09,0.05,18.4,134,26,124,184.0,2,2,0,100
18:11:27,4,1,4,5.7,0.03,0.09,0.05,18.2,134,26,124,184.0,2,2,0,100
18:11:27,5,3,5,7.7,0.06,0.1,0.03,18.2,137,85,154,223.0,2,2,0,100
18:11:27,5,3,5,7.7,0.06,0.1,0.03,18.3,137,85,154,223.0,2,2,0,100
18:11:28,5,3,5,7.7,0.06,0.1,0.03,18.2,137,85,154,223.0,2,2,0,100
18:11:28,5,3,5,7.7,0.06,0.1,0.03,18.2,137,85,154,223.0,2,2,0,100
18:11:28,5,3,5,7.7,0.06,0.1,0.03,18.4,137,85,154,223.0,2,2,0,100
18:11:28,5,3,5,7.7,0.06,0.1,0.03,18.3,137,85,154,223.0,0,0,0,100
18:11:28,5,3,5,7.7,0.06,0.1,0.03,18.2,137,85,154,223.0,0,0,0,100
18:11:28,5,3,5,7.7,0.06,0.1,0.03,18.2,137,85,154,223.0,0,0,0,100
18:11:28,5,3,5,7.7,0.06,0.1,0.03,18.2,137,85,154,223.0,0,0,0,100
18:11:28,5,3,5,7.7,0.06,0.1,0.03,18.1,137,85,154,223.0,0,0,0,100
18:11:28,8,4,3,9.4,0.07,0.14,0.04,18.4,236,125,88,281.0,0,0,0,100
18:11:29,8,4,3,9.4,0.07,0.14,0.04,18.3,236,125,88,281.0,0,0,0,100
18:11:29,8,4,3,9.4,0.07,0.14,0.04,18.3,236,125,88,281.0,0,0,0,100
18:11:29,8,4,3,9.4,0.07,0.14,0.04,18.4,236,125,88,281.0,0,0,0,100
18:11:29,8,4,3,9.4,0.07,0.14,0.04,18.4,236,125,88,281.0,0,0,0,100
18:11:29,8,4,3,9.4,0.07,0.14,0.04,18.4,236,125,88,281.0,0,0,0,100
18:11:29,8,4,3,9.4,0.07,0.14,0.04,18.4,236,125,88,281.0,0,0,0,100
18:11:29,8,4,3,9.4,0.07,0.14,0.04,18.2,236,125,88,281.0,0,0,0,100
18:11:29,8,4,3,9.4,0.07,0.14,0.04,18.2,236,125,88,281.0,0,0,0,100
18:11:29,8,4,3,9.4,0.07,0.14,0.04,18.2,236,125,88,281.0,0,0,0,100
18:11:29,10,6,8,14.1,0.05,0.18,0.09,18.3,213,150,222,342.0,0,0,0,100
18:11:30,10,6,8,14.1,0.05,0.18,0.09,18.3,213,150,222,342.0,0,0,0,100
18:11:30,10,6,8,14.1,0.05,0.18,0.09,18.2,213,150,222,342.0,0,0,0,100
18:11:30,10,6,8,14.1,0.05,0.18,0.09,18.2,213,150,222,342.0,0,0,0,100
18:11:30,10,6,8,14.1,0.05,0.18,0.09,18.2,213,150,222,342.0,0,0,0,100
18:11:30,10,6,8,14.1,0.05,0.18,0.09,18.5,213,150,222,342.0,1,0,0,100
18:11:30,10,6,8,14.1,0.05,0.18,0.09,18.2,213,150,222,342.0,1,0,0,100
18:11:30,10,6,8,14.1,0.05,0.18,0.09,18.2,213,150,222,342.0,1,0,0,100
18:11:30,10,6,8,14.1,0.05,0.18,0.09,18.3,213,150,222,342.0,1,0,0,100
18:11:30,10,6,8,14.1,0.05,0.18,0.09,18.3,213,150,222,342.0,1,0,0,100
18:11:30,8,5,12,15.3,0.04,0.12,0.08,18.2,170,148,247,334.0,1,0,0,100
18:11:31,8,5,12,15.3,0.04,0.12,0.08,18.2,170,148,247,334.0,1,0,0,100
18:11:31,8,5,12,15.3,0.04,0.12,0.08,18.2,170,148,247,334.0,1,0,0,100
18:11:31,8,5,12,15.3,0.04,0.12,0.08,18.3,170,148,247,334.0,1,0,0,100
18:11:31,8,5,12,15.3,0.04,0.12,0.08,18.2,170,148,247,334.0,1,0,0,100
18:11:31,8,5,12,15.3,0.04,0.12,0.08,18.3,170,148,247,334.0,0,0,0,100
18:11:31,8,5,12,15.3,0.04,0.12,0.08,18.4,170,148,247,334.0,0,0,0,100
18:11:31,8,5,12,15.3,0.04,0.12,0.08,18.2,170,148,247,334.0,0,0,0,100
18:11:31,8,5,12,15.3,0.04,0.12,0.08,18.4,170,148,247,334.0,0,0,0,100
18:11:31,8,5,12,15.3,0.04,0.12,0.08,18.4,170,148,247,334.0,0,0,0,100
18:11:31,8,4,4,9.8,0.08,0.15,0.05,18.2,225,127,125,287.0,0,0,0,100
18:11:32,8,4,4,9.8,0.08,0.15,0.05,18.2,225,127,125,287.0,0,0,0,100
18:11:32,8,4,4,9.8,0.08,0.15,0.05,18.2,225,127,125,287.0,0,0,0,100
18:11:32,8,4,4,9.8,0.08,0.15,0.05,18.4,225,127,125,287.0,0,0,0,100
18:11:32,8,4,4,9.8,0.08,0.15,0.05,18.2,225,127,125,287.0,0,0,0,100
18:11:32,8,4,4,9.8,0.08,0.15,0.05,18.4,225,127,125,287.0,0,0,1,100
18:11:32,8,4,4,9.8,0.08,0.15,0.05,18.2,225,127,125,287.0,0,0,1,100
18:11:32,8,4,4,9.8,0.08,0.15,0.05,18.3,225,127,125,287.0,0,0,1,100
18:11:32,8,4,4,9.8,0.08,0.15,0.05,18.2,225,127,125,287.0,0,0,1,100
18:11:32,8,4,4,9.8,0.08,0.15,0.05,18.3,225,127,125,287.0,0,0,1,100
18:11:32,6,3,9,11.2,0.11,0.17,0.06,18.3,186,107,232,316.0,0,0,1,100
18:11:33,6,3,9,11.2,0.11,0.17,0.06,18.0,186,107,232,316.0,0,0,1,100
18:11:33,6,3,9,11.2,0.11,0.17,0.06,18.4,186,107,232,316.0,0,0,1,100
18:11:33,6,3,9,11.2,0.11,0.17,0.06,18.1,186,107,232,316.0,0,0,1,100
18:11:33,6,3,9,11.2,0.11,0.17,0.06,18.3,186,107,232,316.0,0,0,1,100
18:11:33,6,3,9,11.2,0.11,0.17,0.06,18.4,186,107,232,316.0,1,0,0,100
18:11:33,6,3,9,11.2,0.11,0.17,0.06,18.2,186,107,232,316.0,1,0,0,100
18:11:33,6,3,9,11.2,0.11,0.17,0.06,18.2,186,107,232,316.0,1,0,0,100
18:11:33,6,3,9,11.2,0.11,0.17,0.06,18.4,186,107,232,316.0,1,0,0,100
18:11:33,6,3,9,11.2,0.11,0.17,0.06,18.3,186,107,232,316.0,1,0,0,100
18:11:33,7,3,5,9.1,0.04,0.18,0.07,18.2,165,46,156,232.0,1,0,0,100
18:11:34,7,3,5,9.1,0.04,0.18,0.07,18.2,165,46,156,232.0,1,0,0,100
18:11:34,7,3,5,9.1,0.04,0.18,0.07,17.9,165,46,156,232.0,1,0,0,100
18:11:34,7,3,5,9.1,0.04,0.18,0.07,18.2,165,46,156,232.0,1,0,0,100
18:11:34,7,3,5,9.1,0.04,0.18,0.07,18.2,165,46,156,232.0,1,0,0,100
18:11:34,7,3,5,9.1,0.04,0.18,0.07,18.2,165,46,156,232.0,0,3,0,100
18:11:34,7,3,5,9.1,0.04,0.18,0.07,18.2,165,46,156,232.0,0,3,0,100
18:11:34,7,3,5,9.1,0.04,0.18,0.07,18.2,165,46,156,232.0,0,3,0,100
18:11:34,7,3,5,9.1,0.04,0.18,0.07,18.1,165,46,156,232.0,0,3,0,100
18:11:34,7,3,5,9.1,0.04,0.18,0.07,18.4,165,46,156,232.0,0,3,0,100
18:11:34,5,2,6,8.1,0.09,0.21,0.1,18.4,133,56,189,238.0,0,3,0,100
18:11:35,5,2,6,8.1,0.09,0.21,0.1,18.5,133,56,189,238.0,0,3,0,100
18:11:35,5,2,6,8.1,0.09,0.21,0.1,18.2,133,56,189,238.0,0,3,0,100
18:11:35,5,2,6,8.1,0.09,0.21,0.1,18.3,133,56,189,238.0,0,3,0,100
18:11:35,5,2,6,8.1,0.09,0.21,0.1,18.2,133,56,189,238.0,0,3,0,100
18:11:35,5,2,6,8.1,0.09,0.21,0.1,18.2,133,56,189,238.0,0,0,0,100
18:11:35,5,2,6,8.1,0.09,0.21,0.1,18.2,133,56,189,238.0,0,0,0,100
18:11:35,5,2,6,8.1,0.09,0.21,0.1,18.4,133,56,189,238.0,0,0,0,100
18:11:35,5,2,6,8.1,0.09,0.21,0.1,18.4,133,56,189,238.0,0,0,0,100
18:11:35,5,2,6,8.1,0.09,0.21,0.1,18.1,133,56,189,238.0,0,0,0,100
18:11:35,6,5,6,9.8,0.09,0.17,0.05,18.3,184,102,187,281.0,0,0,0,100
18:11:36,6,5,6,9.8,0.09,0.17,0.05,18.4,184,102,187,281.0,0,0,0,100
18:11:36,6,5,6,9.8,0.09,0.17,0.05,18.1,184,102,187,281.0,0,0,0,100
18:11:36,6,5,6,9.8,0.09,0.17,0.05,18.2,184,102,187,281.0,0,0,0,100
18:11:36,6,5,6,9.8,0.09,0.17,0.05,18.0,184,102,187,281.0,0,0,0,100
18:11:36,6,5,6,9.8,0.09,0.17,0.05,18.2,184,102,187,281.0,0,0,1,100
18:11:36,6,5,6,9.8,0.09,0.17,0.05,18.4,184,102,187,281.0,0,0,1,100
18:11:36,6,5,6,9.8,0.09,0.17,0.05,18.3,184,102,187,281.0,0,0,1,100
18:11:36,6,5,6,9.8,0.09,0.17,0.05,18.2,184,102,187,281.0,0,0,1,100
18:11:36,6,5,6,9.8,0.09,0.17,0.05,18.0,184,102,187,281.0,0,0,1,100
18:11:36,9,5,5,11.4,0.08,0.16,0.05,18.2,232,144,130,302.0,0,0,1,100
18:11:37,9,5,5,11.4,0.08,0.16,0.05,18.0,232,144,130,302.0,0,0,1,100
18:11:37,9,5,5,11.4,0.08,0.16,0.05,18.2,232,144,130,302.0,0,0,1,100
18:11:37,9,5,5,11.4,0.08,0.16,0.05,18.0,232,144,130,302.0,0,0,1,100
18:11:37,9,5,5,11.4,0.08,0.16,0.05,18.1,232,144,130,302.0,0,0,1,100
18:11:37,9,5,5,11.4,0.08,0.16,0.05,18.2,232,144,130,302.0,0,0,0,100
18:11:37,9,5,5,11.4,0.08,0.16,0.05,18.4,232,144,130,302.0,0,0,0,100
18:11:37,9,5,5,11.4,0.08,0.16,0.05,18.3,232,144,130,302.0,0,0,0,100
18:11:37,9,5,5,11.4,0.08,0.16,0.05,18.0,232,144,130,302.0,0,0,0,100
18:11:37,9,5,5,11.4,0.08,0.16,0.05,18.2,232,144,130,302.0,0,0,0,100
18:11:37,6,5,8,11.2,0.04,0.18,0.03,18.2,176,142,235,326.0,0,0,0,100
18:11:38,6,5,8,11.2,0.04,0.18,0.03,18.1,176,142,235,326.0,0,0,0,100
18:11:38,6,5,8,11.2,0.04,0.18,0.03,18.4,176,142,235,326.0,0,0,0,100
18:11:38,6,5,8,11.2,0.04,0.18,0.03,18.3,176,142,235,326.0,0,0,0,100
18:11:38,6,5,8,11.2,0.04,0.18,0.03,18.4,176,142,235,326.0,0,0,0,100
18:11:38,6,5,8,11.2,0.04,0.18,0.03,18.2,176,142,235,326.0,2,0,0,100
18:11:38,6,5,8,11.2,0.04,0.18,0.03,18.2,176,142,235,326.0,2,0,0,100
18:11:38,6,5,8,11.2,0.04,0.18,0.03,18.2,176,142,235,326.0,2,0,0,100
18:11:38,6,5,8,11.2,0.04,0.18,0.03,18.4,176,142,235,326.0,2,0,0,100
18:11:38,6,5,8,11.2,0.04,0.18,0.03,18.4,176,142,235,326.0,2,0,0,100
18:11:38,7,5,8,11.7,0.1,0.19,0.09,18.1,195,144,221,328.0,2,0,0,100
18:11:39,7,5,8,11.7,0.1,0.19,0.09,18.4,195,144,221,328.0,2,0,0,100
18:11:39,7,5,8,11.7,0.1,0.19,0.09,18.4,195,144,221,328.0,2,0,0,100
18:11:39,7,5,8,11.7,0.1,0.19,0.09,18.2,195,144,221,328.0,2,0,0,100
18:11:39,7,5,8,11.7,0.1,0.19,0.09,18.4,195,144,221,328.0,2,0,0,100
18:11:39,7,5,8,11.7,0.1,0.19,0.09,18.2,195,144,221,328.0,0,0,1,100
18:11:39,7,5,8,11.7,0.1,0.19,0.09,18.2,195,144,221,328.0,0,0,1,100
18:11:39,7,5,8,11.7,0.1,0.19,0.09,18.2,195,144,221,328.0,0,0,1,100
18:11:39,7,5,8,11.7,0.1,0.19,0.09,18.3,195,144,221,328.0,0,0,1,100
18:11:39,7,5,8,11.7,0.1,0.19,0.09,18.4,195,144,221,328.0,0,0,1,100
18:11:39,9,6,4,11.5,0.12,0.19,0.1,18.3,260,155,113,323.0,0,0,1,100
18:11:40,9,6,4,11.5,0.12,0.19,0.1,18.2,260,155,113,323.0,0,0,1,100
18:11:40,9,6,4,11.5,0.12,0.19,0.1,18.3,260,155,113,323.0,0,0,1,100
18:11:40,9,6,4,11.5,0.12,0.19,0.1,18.2,260,155,113,323.0,0,0,1,100
18:11:40,9,6,4,11.5,0.12,0.19,0.1,18.4,260,155,113,323.0,0,0,1,100
18:11:40,9,6,4,11.5,0.12,0.19,0.1,17.9,260,155,113,323.0,0,0,0,100
18:11:40,9,6,4,11.5,0.12,0.19,0.1,18.2,260,155,113,323.0,0,0,0,100
18:11:40,9,6,4,11.5,0.12,0.19,0.1,18.2,260,155,113,323.0,0,0,0,100
18:11:40,9,6,4,11.5,0.12,0.19,0.1,18.2,260,155,113,323.0,0,0,0,100
18:11:40,9,6,4,11.5,0.12,0.19,0.1,18.4,260,155,113,323.0,0,0,0,100
18:11:40,5,2,6,8.1,0.05,0.13,0.04,18.2,141,78,148,219.0,0,0,0,100
18:11:41,5,2,6,8.1,0.05,0.13,0.04,18.3,141,78,148,219.0,0,0,0,100
18:11:41,5,2,6,8.1,0.05,0.13,0.04,18.3,141,78,148,219.0,0,0,0,100
18:11:41,5,2,6,8.1,0.05,0.13,0.04,18.2,141,78,148,219.0,0,0,0,100
18:11:41,5,2,6,8.1,0.05,0.13,0.04,18.2,141,78,148,219.0,0,0,0,100
18:11:41,5,2,6,8.1,0.05,0.13,0.04,18.2,141,78,148,219.0,2,1,0,100
18:11:41,5,2,6,8.1,0.05,0.13,0.04,18.2,141,78,148,219.0,2,1,0,100
18:11:41,5,2,6,8.1,0.05,0.13,0.04,18.2,141,78,148,219.0,2,1,0,100
18:11:41,5,2,6,8.1,0.05,0.13,0.04,18.4,141,78,148,219.0,2,1,0,100
18:11:41,5,2,6,8.1,0.05,0.13,0.04,18.2,141,78,148,219.0,2,1,0,100
18:11:41,6,1,3,6.8,0.04,0.21,0.08,18.3,151,40,104,188.0,2,1,0,100
18:11:42,6,1,3,6.8,0.04,0.21,0.08,18.2,151,40,104,188.0,2,1,0,100
18:11:42,6,1,3,6.8,0.04,0.21,0.08,18.0,151,40,104,188.0,2,1,0,100
18:11:42,6,1,3,6.8,0.04,0.21,0.08,18.3,151,40,104,188.0,2,1,0,100
18:11:42,6,1,3,6.8,0.04,0.21,0.08,18.4,151,40,104,188.0,2,1,0,100
18:11:42,6,1,3,6.8,0.04,0.21,0.08,18.2,151,40,104,188.0,0,0,2,100
18:11:42,6,1,3,6.8,0.04,0.21,0.08,18.3,151,40,104,188.0,0,0,2,100
18:11:42,6,1,3,6.8,0.04,0.21,0.08,18.3,151,40,104,188.0,0,0,2,100
18:11:42,6,1,3,6.8,0.04,0.21,0.08,18.2,151,40,104,188.0,0,0,2,100
18:11:42,6,1,3,6.8,0.04,0.21,0.08,18.2,151,40,104,188.0,0,0,2,100
18:11:42,3,4,7,8.6,0.07,0.19,0.09,18.4,114,102,200,252.0,0,0,2,100
18:11:43,3,4,7,8.6,0.07,0.19,0.09,18.4,114,102,200,252.0,0,0,2,100
18:11:43,3,4,7,8.6,0.07,0.19,0.09,18.2,114,102,200,252.0,0,0,2,100
18:11:43,3,4,7,8.6,0.07,0.19,0.09,18.4,114,102,200,252.0,0,0,2,100
18:11:43,3,4,7,8.6,0.07,0.19,0.09,18.2,114,102,200,252.0,0,0,2,100
18:11:43,3,4,7,8.6,0.07,0.19,0.09,18.4,114,102,200,252.0,2,0,0,100
18:11:43,3,4,7,8.6,0.07,0.19,0.09,18.2,114,102,200,252.0,2,0,0,100
18:11:43,3,4,7,8.6,0.07,0.19,0.09,18.2,114,102,200,252.0,2,0,0,100
18:11:43,3,4,7,8.6,0.07,0.19,0.09,18.3,114,102,200,252.0,2,0,0,100
18:11:43,3,4,7,8.6,0.07,0.19,0.09,18.1,114,102,200,252.0,2,0,0,100
18:11:43,8,5,6,11.2,0.06,0.14,0.02,18.2,250,141,181,339.0,2,0,0,100
18:11:44,8,5,6,11.2,0.06,0.14,0.02,18.0,250,141,181,339.0,2,0,0,100
18:11:44,8,5,6,11.2,0.06,0.14,0.02,18.3,250,141,181,339.0,2,0,0,100
18:11:44,8,5,6,11.2,0.06,0.14,0.02,18.4,250,141,181,339.0,2,0,0,100
18:11:44,8,5,6,11.2,0.06,0.14,0.02,18.1,250,141,181,339.0,2,0,0,100
18:11:44,8,5,6,11.2,0.06,0.14,0.02,18.2,250,141,181,339.0,0,0,1,100
18:11:44,8,5,6,11.2,0.06,0.14,0.02,18.1,250,141,181,339.0,0,0,1,100
18:11:44,8,5,6,11.2,0.06,0.14,0.02,18.2,250,141,181,339.0,0,0,1,100
18:11:44,8,5,6,11.2,0.06,0.14,0.02,18.4,250,141,181,339.0,0,0,1,100
18:11:44,8,5,6,11.2,0.06,0.14,0.02,18.2,250,141,181,339.0,0,0,1,100
18:11:45,10,5,5,12.2,0.09,0.14,0.05,18.2,282,158,149,356.0,0,0,1,100
18:11:45,10,5,5,12.2,0.09,0.14,0.05,18.0,282,158,149,356.0,0,0,1,100
18:11:45,10,5,5,12.2,0.09,0.14,0.05,18.4,282,158,149,356.0,0,0,1,100
18:11:45,10,5,5,12.2,0.09,0.14,0.05,18.3,282,158,149,356.0,0,0,1,100
18:11:45,10,5,5,12.2,0.09,0.14,0.05,18.2,282,158,149,356.0,0,0,1,100
18:11:45,10,5,5,12.2,0.09,0.14,0.05,18.2,282,158,149,356.0,0,0,0,100
18:11:45,10,5,5,12.2,0.09,0.14,0.05,18.1,282,158,149,356.0,0,0,0,100
18:11:45,10,5,5,12.2,0.09,0.14,0.05,18.2,282,158,149,356.0,0,0,0,100
18:11:45,10,5,5,12.2,0.09,0.14,0.05,18.2,282,158,149,356.0,0,0,0,100
18:11:45,10,5,5,12.2,0.09,0.14,0.05,18.2,282,158,149,356.0,0,0,0,100
18:11:45,7,5,8,11.7,0.05,0.22,0.08,18.2,181,156,235,335.0,0,0,0,100
18:11:46,7,5,8,11.7,0.05,0.22,0.08,18.2,181,156,235,335.0,0,0,0,100
18:11:46,7,5,8,11.7,0.05,0.22,0.08,18.1,181,156,235,335.0,0,0,0,100
18:11:46,7,5,8,11.7,0.05,0.22,0.08,18.2,181,156,235,335.0,0,0,0,100
18:11:46,7,5,8,11.7,0.05,0.22,0.08,18.3,181,156,235,335.0,0,0,0,100
18:11:46,7,5,8,11.7,0.05,0.22,0.08,18.2,181,156,235,335.0,0,0,0,100
18:11:46,7,5,8,11.7,0.05,0.22,0.08,18.2,181,156,235,335.0,0,0,0,100
18:11:46,7,5,8,11.7,0.05,0.22,0.08,18.4,181,156,235,335.0,0,0,0,100
18:11:46,7,5,8,11.7,0.05,0.22,0.08,18.0,181,156,235,335.0,0,0,0,100
18:11:46,7,5,8,11.7,0.05,0.22,0.08,18.2,181,156,235,335.0,0,0,0,100
18:11:47,6,4,7,10.0,0.04,0.2,0.1,18.4,180,127,205,301.0,0,0,0,100
18:11:47,6,4,7,10.0,0.04,0.2,0.1,18.3,180,127,205,301.0,0,0,0,100
18:11:47,6,4,7,10.0,0.04,0.2,0.1,18.1,180,127,205,301.0,0,0,0,100
18:11:47,6,4,7,10.0,0.04,0.2,0.1,18.3,180,127,205,301.0,0,0,0,100
18:11:47,6,4,7,10.0,0.04,0.2,0.1,18.2,180,127,205,301.0,0,0,0,100
18:11:47,6,4,7,10.0,0.04,0.2,0.1,18.1,180,127,205,301.0,0,0,2,100
18:11:47,6,4,7,10.0,0.04,0.2,0.1,18.1,180,127,205,301.0,0,0,2,100
18:11:47,6,4,7,10.0,0.04,0.2,0.1,18.4,180,127,205,301.0,0,0,2,100
18:11:47,6,4,7,10.0,0.04,0.2,0.1,18.2,180,127,205,301.0,0,0,2,100
18:11:47,6,4,7,10.0,0.04,0.2,0.1,18.1,180,127,205,301.0,0,0,2,100
18:11:48,6,2,5,8.1,0.05,0.16,0.03,18.4,173,74,131,229.0,0,0,2,100
18:11:48,6,2,5,8.1,0.05,0.16,0.03,18.1,173,74,131,229.0,0,0,2,100
18:11:48,6,2,5,8.1,0.05,0.16,0.03,18.4,173,74,131,229.0,0,0,2,100
18:11:48,6,2,5,8.1,0.05,0.16,0.03,18.2,173,74,131,229.0,0,0,2,100
18:11:48,6,2,5,8.1,0.05,0.16,0.03,18.2,173,74,131,229.0,0,0,2,100
18:11:48,6,2,5,8.1,0.05,0.16,0.03,18.2,173,74,131,229.0,1,1,0,100
18:11:48,6,2,5,8.1,0.05,0.16,0.03,18.3,173,74,131,229.0,1,1,0,100
18:11:48,6,2,5,8.1,0.05,0.16,0.03,18.2,173,74,131,229.0,1,1,0,100
18:11:48,6,2,5,8.1,0.05,0.16,0.03,18.3,173,74,131,229.0,1,1,0,100
18:11:48,6,2,5,8.1,0.05,0.16,0.03,18.3,173,74,131,229.0,1,1,0,100
18:11:49,5,1,5,7.1,0.09,0.15,0.04,18.4,146,32,159,218.0,1,1,0,100
18:11:49,5,1,5,7.1,0.09,0.15,0.04,18.3,146,32,159,218.0,1,1,0,100
18:11:49,5,1,5,7.1,0.09,0.15,0.04,18.2,146,32,159,218.0,1,1,0,100
18:11:49,5,1,5,7.1,0.09,0.15,0.04,18.2,146,32,159,218.0,1,1,0,100
18:11:49,5,1,5,7.1,0.09,0.15,0.04,18.3,146,32,159,218.0,1,1,0,100
18:11:49,5,1,5,7.1,0.09,0.15,0.04,18.2,146,32,159,218.0,0,1,0,100
18:11:49,5,1,5,7.1,0.09,0.15,0.04,18.3,146,32,159,218.0,0,1,0,100
18:11:49,5,1,5,7.1,0.09,0.15,0.04,18.1,146,32,159,218.0,0,1,0,100
18:11:49,5,1,5,7.1,0.09,0.15,0.04,18.4,146,32,159,218.0,0,1,0,100
18:11:49,5,1,5,7.1,0.09,0.15,0.04,18.4,146,32,159,218.0,0,1,0,100
18:11:50,8,2,5,9.6,0.04,0.2,0.05,18.1,172,77,132,230.0,0,1,0,100
18:11:50,8,2,5,9.6,0.04,0.2,0.05,18.3,172,77,132,230.0,0,1,0,100
18:11:50,8,2,5,9.6,0.04,0.2,0.05,18.2,172,77,132,230.0,0,1,0,100
18:11:50,8,2,5,9.6,0.04,0.2,0.05,18.3,172,77,132,230.0,0,1,0,100
18:11:50,8,2,5,9.6,0.04,0.2,0.05,18.2,172,77,132,230.0,0,1,0,100
18:11:50,8,2,5,9.6,0.04,0.2,0.05,18.1,172,77,132,230.0,0,0,0,100
18:11:50,8,2,5,9.6,0.04,0.2,0.05,18.4,172,77,132,230.0,0,0,0,100
